lloc,scloc,calculated_length,volume,difficulty,effort,time,bugs,long_method
131,136,199.17639,334.3236802,4.1,1370.727089,76.15150494,0.111441227,1
64,67,163.1352628,296.9388418,6.107142857,1813.447927,100.7471071,0.098979614,1
49,47,148.033447,289.985382,4.796296296,1390.855813,77.26976741,0.096661794,1
23,45,4.754887502,12,0.666666667,8,0.444444444,0.004,1
128,119,533.44585,1086.801705,10.75657895,11690.26834,649.4593522,0.362267235,1
59,59,35.21928095,86.03910002,1.6,137.66256,7.647920002,0.0286797,1
57,59,26,39.86313714,1,39.86313714,2.21461873,0.013287712,1
41,47,8,13.93156857,0.5,6.965784285,0.386988016,0.004643856,1
83,108,142.6059378,390,3.714285714,1448.571429,80.47619048,0.13,1
74,74,109.7171361,299.5579126,4.659090909,1395.667548,77.53708597,0.099852638,1
53,43,93.4868683,236.8366657,7.529411765,1783.240777,99.06893205,0.078945555,1
56,56,24.40637196,59.79470571,2.142857143,128.1315122,7.118417346,0.019931569,1
43,57,64,171.6734393,0.875,150.2142594,8.345236634,0.05722448,1
29,57,124.0964047,306.0528027,3.36,1028.337417,57.1298565,0.102017601,1
49,52,19.65148445,36,0.571428571,20.57142857,1.142857143,0.012,1
50,45,36.52932501,92.51099295,3.555555556,328.9279749,18.27377639,0.030836998,1
30,58,30.52932501,83.02635885,1.666666667,138.3772647,7.687625819,0.027675453,1
88,110,71.4868683,178.4129556,1.647058824,293.8566327,16.32536848,0.059470985,1
132,141,68.7548875,331.338346,4.875,1615.274437,89.73746872,0.110446115,1
40,43,111.8901503,153.8353575,3.5,538.4237513,29.91243063,0.051278453,1
45,47,79.509775,142.7018118,3.9375,561.8883839,31.21602133,0.047567271,1
93,92,169.4107739,288.6360132,5.431034483,1567.592141,87.08845227,0.096212004,1
48,57,448.241686,1218.345865,4.577464789,5576.935298,309.8297388,0.406115288,1
51,53,101.9483369,159.8149504,3.3,527.3893364,29.29940758,0.05327165,1
63,56,127.7060452,215.9031862,2.9,626.11924,34.78440222,0.071967729,1
54,49,144.6257298,284.8979191,6.3,1794.85689,99.71427169,0.094965973,1
63,63,244.9390249,402.1173001,2.790697674,1122.187814,62.34376745,0.1340391,1
81,85,246.1288162,381.8002694,3.75,1431.75101,79.54172279,0.127266756,1
60,67,231.2692727,364.5550891,2.682926829,978.0746293,54.33747941,0.121518363,1
63,75,156.3912239,251.3348678,3.413793103,858.0052385,47.66695769,0.083778289,1
100,118,576.6587689,1081.507161,5.11627907,5533.292449,307.4051361,0.360502387,1
64,62,133.8210731,322.0227602,4.134615385,1331.440258,73.96890325,0.10734092,1
87,77,344.8633601,531.9779132,3.6875,1961.668555,108.9815864,0.177325971,1
224,208,1017.197915,2052.984508,9.470588235,19442.97093,1080.165052,0.684328169,1
118,127,404.7945276,1299.863157,13.18032787,17132.6226,951.8123666,0.433287719,1
495,435,2051.527349,5203.712453,14.47389558,75317.99069,4184.332816,1.734570818,1
131,125,808.7339706,1439.518636,6.522123894,9388.718893,521.5954941,0.479839545,1
49,45,103.8483064,192.7180284,3.095238095,596.5081833,33.13934352,0.064239343,1
86,81,419.9832329,763.762764,5.538461538,4230.070693,235.0039274,0.254587588,1
45,42,166.8582023,265.6821216,3.966666667,1053.872416,58.54846755,0.088560707,1
144,96,1161.018564,2688.707608,7.580645161,20382.13832,1132.341018,0.896235869,1
48,54,158.6059378,232.6466251,4.142857143,963.8217324,53.5456518,0.077548875,1
317,305,1968.319191,3634.851532,6.12704918,22270.9141,1237.273006,1.211617177,1
67,67,378.4134357,773.1077808,5.6,4329.403573,240.5224207,0.257702594,1
113,111,861.0597302,1526,3.56557377,5441.065574,302.2814208,0.508666667,1
127,132,130.2114327,225.7169674,2.384615385,538.248153,29.90267517,0.075238989,1
137,93,415.4539078,940.8533329,6.030769231,5674.069331,315.2260739,0.313617778,1
149,145,304.085226,676.5039507,9.70212766,6563.527692,364.6404273,0.225501317,1
155,153,786.4237513,1257.054088,4.25,5342.479876,296.8044375,0.419018029,1
46,46,290.6305574,485.6342159,3.428571429,1665.031597,92.50175542,0.161878072,1
96,89,276.575451,481.1453182,3.510638298,1689.127181,93.84039894,0.160381773,1
66,64,133.8210731,237.8014229,2.980769231,708.8311644,39.37950913,0.079267141,1
69,70,201.685802,480.4299824,11.9516129,5741.913177,318.9951765,0.160143327,1
95,98,340.7961684,734.7288732,11.85,8706.537147,483.6965082,0.244909624,1
77,80,327.3474402,785.953913,9.058823529,7119.8178,395.5454333,0.261984638,1
70,73,75.60964047,149.3387924,3.4375,513.3520988,28.51956104,0.049779597,1
47,47,93.4868683,176.4665352,5.647058824,996.5169047,55.36205026,0.058822178,1
89,87,395.1816562,1073.56695,12.44915254,13364.99873,742.4999293,0.35785565,1
53,53,144.6257298,437.5218043,10.08,4410.219788,245.0122104,0.145840601,1
13,13,20.26466251,28.52932501,1.5,42.79398752,2.377443751,0.009509775,1
77,77,174.1007298,491.5424064,10.34482759,5084.921445,282.4956358,0.163847469,1
44,42,316.1839164,705.7577432,10.5625,7454.566162,414.1425646,0.235252581,1
44,42,274.5830481,583.9173311,10.21428571,5964.298453,331.3499141,0.19463911,1
42,42,52.86060384,108,2.076923077,224.3076923,12.46153846,0.036,1
44,45,100.3621072,155.1145107,3.868421053,600.0482388,33.33601326,0.051704837,1
56,69,300.4363582,558.8510897,9.333333333,5215.943504,289.7746391,0.186283697,1
58,71,110.4385619,153.8353575,4.2,646.1085015,35.89491675,0.051278453,1
95,112,885.288168,2670.981714,13.37603306,35727.1397,1984.841095,0.890327238,1
29,53,20.26466251,34.86917502,1.75,61.02105628,3.390058682,0.011623058,1
53,53,109.7171361,228.2346001,3.636363636,829.9440004,46.10800002,0.0760782,1
44,41,33.28421252,64.52932501,2,129.05865,7.169925001,0.021509775,1
53,75,169.4107739,278.1401582,5.275862069,1467.429111,81.52383948,0.092713386,1
50,47,208.0542306,464.0516876,7.2,3341.172151,185.620675,0.154683896,1
86,88,190.4650059,407.1739524,5.939393939,2418.366505,134.3536947,0.135724651,1
87,109,654.1850999,1853.131763,10.64893617,19733.88186,1096.32677,0.617710588,1
52,52,171.2067179,346.3632159,5.733333333,1985.815771,110.3230984,0.115454405,1
36,40,74.11313394,114.200253,3.2,365.4408096,20.3022672,0.038066751,1
20,51,19.65148445,54,0.857142857,46.28571429,2.571428571,0.018,1
62,70,21.65148445,253.5940001,5.857142857,1485.336286,82.51868258,0.084531333,1
72,76,426.0794602,900.370738,5.014925373,4515.292059,250.8495589,0.300123579,1
36,40,70.21299941,172.8771238,4.333333333,749.1342031,41.61856684,0.057625708,1
42,46,156.3912239,359.0498112,4.75862069,1708.58186,94.92121445,0.11968327,1
69,76,329.6421463,559.6944532,6.057692308,3390.456784,188.3587102,0.186564818,1
47,44,61.30296891,150.1173001,3.428571429,514.6878859,28.59377144,0.0500391,1
60,54,320.2465573,913.33355,11,10046.66905,558.1482805,0.304444517,1
35,42,162.7164929,325.7052751,4.2,1367.962155,75.99789752,0.108568425,1
149,143,140.0964047,272.3972824,5.76,1569.008347,87.16713038,0.090799094,1
48,79,209.4845559,356.9704513,7.818181818,2790.859892,155.0477718,0.11899015,1
98,157,389.2118756,1135.2662,17.42857143,19786.06806,1099.226003,0.378422067,1
38,47,156.9112876,320.5353501,6.5,2083.479776,115.7488764,0.106845117,1
50,51,264.5310796,555.6082841,8.380952381,4656.526571,258.6959206,0.185202761,1
50,52,285.1871371,685.2678808,9.533333333,6532.88713,362.9381739,0.228422627,1
42,67,115.6515655,201.9089067,2.717391304,548.6655074,30.48141708,0.067302969,1
95,100,528.9864174,1242.988776,14.01351351,17418.64001,967.702223,0.414329592,1
81,84,485.4881875,1217.784278,14.14492754,17225.47037,956.9705758,0.405928093,1
92,101,951.5629552,2391.397026,13.66929134,32688.70266,1816.039037,0.797132342,1
48,62,365.6940118,746.1289704,6.842105263,5105.092956,283.6162753,0.248709657,1
111,87,1314.720008,3618.757017,8.011560694,28991.89147,1610.660637,1.206252339,1
72,74,264.2149912,387.6299008,4.090909091,1585.758685,88.09770473,0.129209967,1
42,41,54.62919048,89.92418251,2.916666667,262.2788656,14.57104809,0.029974728,1
67,64,92.32026323,146.7188,2.763157895,405.4072106,22.52262281,0.048906267,1
48,41,28.52932501,59.79470571,0.666666667,39.86313714,2.21461873,0.019931569,1
47,45,0,8,2,16,0.888888889,0.002666667,1
45,54,237.4749933,404.2591088,6.802631579,2750.025779,152.77921,0.134753036,1
77,96,452.2329808,923.0015019,10.28787879,9495.727572,527.5404207,0.307667167,1
60,66,238.1282645,445.864639,10.92857143,4872.663555,270.7035308,0.148621546,1
61,60,268.7443162,486.8732386,5.727272727,2788.455821,154.9142123,0.16229108,1
67,62,293.5179601,609.2300235,10.65909091,6493.838205,360.7687892,0.203076674,1
43,50,769.9495685,1424.707111,4.981818182,7097.63179,394.3128772,0.47490237,1
68,67,356.882753,770.3933272,11.09433962,8547.005215,474.833623,0.256797776,1
51,45,198.0537478,461.2325041,9.453125,4360.088516,242.2271398,0.153744168,1
79,82,335.4957784,732,11.34,8300.88,461.16,0.244,1
77,83,334.4766131,621.637112,7.298076923,4536.755462,252.0419701,0.207212371,1
46,45,104.7106228,209.2150501,6.105263158,1277.312937,70.96182986,0.06973835,1
62,61,97.21928095,197.4184682,8.4375,1665.718325,92.53990695,0.065806156,1
85,84,347.8970514,791.8156296,12.5,9897.69537,549.871965,0.263938543,1
63,70,188.9871652,415.2084416,10.98275862,4560.134091,253.3407828,0.138402814,1
73,74,188.529325,375.0286403,6.328125,2373.228115,131.8460064,0.125009547,1
73,74,158.6059378,377.4045251,6.428571429,2426.171947,134.7873304,0.125801508,1
50,57,211.030886,537.2002107,4.342105263,2332.579862,129.5877701,0.179066737,1
94,97,255.0066568,567.2425342,7.071428571,4011.215063,222.8452813,0.189080845,1
51,59,244.720659,470.8113034,11.45833333,5394.712851,299.7062695,0.156937101,1
53,54,292.1375978,606.6205615,8.369565217,5077.150351,282.0639084,0.202206854,1
47,61,143.258381,279.8104563,7.291666667,2040.284577,113.3491432,0.093270152,1
53,76,255.8966738,473.1364966,8.1,3832.405623,212.9114235,0.157712166,1
53,54,198.0537478,303.8708263,6.359375,1932.428536,107.3571409,0.101290275,1
66,81,198.0537478,368.9860033,7.734375,2853.876119,158.5486733,0.122995334,1
112,116,551.301648,1412.458303,12.2278481,17271.32558,959.5180878,0.470819434,1
101,106,457.5333708,843.2000504,10,8432.000504,468.4444724,0.281066683,1
75,82,337.3994088,600,8.411764706,5047.058824,280.3921569,0.2,1
115,122,561.6335666,1173.271404,9.388888889,11015.71485,611.9841585,0.391090468,1
98,104,698.7949046,1899.252023,14.3814433,27313.98528,1517.443627,0.633084008,1
56,57,324.9521904,753.2036419,7.269230769,5475.211089,304.1783938,0.251067881,1
68,67,388.8116557,1209.487842,7.451612903,9012.635213,500.7019563,0.403162614,1
82,88,339.4424154,834,10.61538462,8853.230769,491.8461538,0.278,1
61,63,118.7643706,255.158311,9.552631579,2437.433339,135.4129633,0.08505277,1
45,79,111.8901503,177.8721321,4,711.4885285,39.52714047,0.059290711,1
155,172,1038.953596,2165.502389,12.90441176,27944.53451,1552.474139,0.72183413,1
72,78,243.6596322,381.8002694,4.195121951,1601.698691,88.98326062,0.127266756,1
52,52,332.3132424,860.728309,11.29411765,9721.166784,540.0648213,0.286909436,1
50,57,81.09650878,138.2423802,2.941176471,406.5952358,22.58862421,0.046080793,1
63,63,235.7693245,527.7827253,9.891891892,5220.769662,290.042759,0.175927575,1
189,194,870.7552388,2391.740746,13.53813559,32379.71052,1798.872807,0.797246915,1
78,96,472.7639251,1014.376,6.625,6720.241003,373.3467224,0.338125333,1
39,45,135.7478892,260,4.76,1237.6,68.75555556,0.086666667,1
61,64,323.2264987,512.0608827,7.56122449,3871.807286,215.1004048,0.170686961,1
31,38,106.0900464,175.9308376,4.2,738.9095178,41.05052877,0.058643613,1
46,48,268.7443162,532.6966023,6.340909091,3377.780728,187.6544849,0.177565534,1
77,75,246.0964047,457.1523514,6.375,2914.34624,161.9081244,0.152384117,1
68,72,369.3672841,757.4570326,11.38888889,8626.593983,479.2552213,0.252485678,1
58,68,689.5255863,1692.046081,8.333333333,14100.38401,783.3546672,0.56401536,1
52,62,688.385619,1668.457213,6.56,10945.07932,608.0599621,0.556152404,1
41,46,393.1601712,962.2974337,6.709677419,6456.705361,358.7058534,0.320765811,1
45,51,517.862041,1343.561777,10.73684211,14425.61065,801.4228142,0.447853926,1
41,45,291.9327434,609.2300235,12.03488372,7332.012492,407.3340273,0.203076674,1
55,57,475.9148441,1041.94774,13.57462687,14144.05178,785.7806546,0.347315913,1
68,70,325.2123595,744.2745388,9.84,7323.661462,406.8700812,0.248091513,1
78,84,311.09775,998.2645107,14,13975.70315,776.4279527,0.332754837,1
57,57,276.3489345,555.0105325,8.930232558,4956.373127,275.3540626,0.185003511,1
154,154,707.2150501,2111.363014,18.09375,38202.47454,2122.359697,0.703787671,1
46,45,408,1178.455675,7.875,9280.338443,515.5743579,0.392818558,1
64,54,225.9690555,677.6598399,10.81081081,7326.052323,407.0029068,0.225886613,1
45,49,104.7106228,213.9699376,5.894736842,1261.296474,70.07202635,0.071323313,1
68,62,264.2149912,524.4404541,5.636363636,2955.937105,164.218728,0.174813485,1
55,63,197.7269405,316.0955683,2.708333333,856.0921641,47.56067578,0.105365189,1
62,64,270.1306865,491.4155756,11.48717949,5644.97892,313.60994,0.163805192,1
46,41,67.01955001,159.9113395,7.666666667,1225.986936,68.11038535,0.05330378,1
69,73,164.8814489,291.7293885,4.965517241,1448.587308,80.47707268,0.097243129,1
62,73,259.6966127,456.0351775,6.30952381,2877.36481,159.8536006,0.152011726,1
87,102,255.0066568,504.8458554,6.321428571,3191.347015,177.2970564,0.168281952,1
54,65,84.99664331,135.7068587,3.529411765,478.9653836,26.60918798,0.04523562,1
10,13,2,4.754887502,0.5,2.377443751,0.132080208,0.001584963,1
91,92,427.7635302,896.1504753,11.25,10081.69285,560.0940471,0.298716825,1
167,177,1177.688486,2967.752654,13.05194805,38734.95347,2151.941859,0.989250885,1
177,182,1154.987951,3127.016719,12.94078947,40466.06504,2248.114724,1.042338906,1
181,192,637.5697476,1628.206852,12.6,20515.40633,1139.744796,0.542735617,1
45,57,137.7212077,280,4.153846154,1163.076923,64.61538462,0.093333333,1
67,79,611.8607967,1203.877192,4.653846154,5602.659238,311.2588466,0.401292397,1
59,60,96.99355338,160.4736875,1.642857143,263.6353438,14.64640799,0.053491229,1
72,55,3838.438141,7689.414739,3.970183486,30528.38742,1696.021523,2.563138246,1
48,78,197.504662,351.2472543,1.783783784,626.5491563,34.80828646,0.117082418,1
50,41,66.60335893,178.4129556,3.333333333,594.7098519,33.03943622,0.059470985,1
5,195,27.65148445,93.4046537,5.142857143,480.3667905,26.68704392,0.031134885,1
16,66,840.4365119,2375.332441,4.25,10095.16287,560.8423819,0.79177748,1
48,50,54.62919048,568.1573349,15,8522.360024,473.4644458,0.189385778,1
40,41,46.05374781,164.089405,4.363636364,716.0264946,39.7792497,0.054696468,1
39,42,746.3788491,1817.364964,8.20754717,14916.10866,828.6727036,0.605788321,1
57,51,595.6783189,1647.062751,11.58139535,19075.28489,1059.738049,0.549020917,1
43,41,169.4107739,299.1318683,5.896551724,1763.846534,97.99147409,0.099710623,1
45,53,241.4064488,516.5533057,6.8625,3544.84706,196.9359478,0.172184435,1
47,50,651.8078845,1825.414644,6.635416667,12112.38675,672.9103751,0.608471548,1
41,45,501.8710135,956.2559147,3.205128205,3064.922804,170.2734891,0.318751972,1
106,108,366.0805006,754.8453923,9.572727273,7225.929074,401.4405041,0.251615131,1
55,55,91.35671671,283.2752276,15.71428571,4451.467862,247.3037701,0.094425076,1
44,46,174.1007298,359.4073509,7.75862069,2788.505309,154.9169616,0.11980245,1
28,119,587.9499158,1730.411457,4.943820225,8554.843157,475.2690643,0.576803819,1
43,49,133.8210731,297.2517786,3.75,1114.69417,61.92745388,0.099083926,1
7,45,19.65148445,54,0.642857143,34.71428571,1.928571429,0.018,1
42,44,2,6.339850003,0.5,3.169925001,0.176106945,0.002113283,1
43,47,2,6.339850003,0.5,3.169925001,0.176106945,0.002113283,1
70,87,8,18.57542476,0.5,9.28771238,0.515984021,0.006191808,1
9,71,12.7548875,67.37651813,10.66666667,718.68286,39.92682556,0.022458839,1
53,53,39.509775,76.14709844,4.875,371.2171049,20.62317249,0.025382366,1
39,66,26,39.86313714,1,39.86313714,2.21461873,0.013287712,1
49,49,24,38.03910002,0.5,19.01955001,1.056641667,0.0126797,1
68,68,156.3912239,461.6354715,6.103448276,2817.568223,156.5315679,0.153878491,1
51,51,83.05865003,254.1876023,4.222222222,1073.236543,59.62425238,0.084729201,1
51,47,124.0964047,364.3485746,4,1457.394299,80.96634992,0.121449525,1
37,42,68.7548875,106.1981878,1.5,159.2972818,8.849848986,0.035399396,1
21,20,2,4.754887502,0.5,2.377443751,0.132080208,0.001584963,0
15,16,13.60964047,22.45883938,1,22.45883938,1.247713299,0.00748628,0
9,20,2,4.754887502,0.5,2.377443751,0.132080208,0.001584963,0
17,17,49.66338828,72,2.5,180,10,0.024,0
6,9,2,4.754887502,0.5,2.377443751,0.132080208,0.001584963,0
20,20,27.65148445,51.89147428,2.857142857,148.2613551,8.236741949,0.017297158,0
6,7,2,4.754887502,0.5,2.377443751,0.132080208,0.001584963,0
7,7,2,4.754887502,0.5,2.377443751,0.132080208,0.001584963,0
6,6,6.754887502,13.93156857,1.333333333,18.57542476,1.031968042,0.004643856,0
9,9,6.754887502,13.93156857,1.333333333,18.57542476,1.031968042,0.004643856,0
6,5,10,15.509775,1,15.509775,0.861654167,0.005169925,0
22,22,2,4.754887502,0.5,2.377443751,0.132080208,0.001584963,0
5,5,6.754887502,11.60964047,1,11.60964047,0.644980026,0.00386988,0
7,7,2,4.754887502,0.5,2.377443751,0.132080208,0.001584963,0
14,15,33.28421252,60.94436251,1.833333333,111.7313313,6.207296182,0.020314788,0
25,25,52.86060384,108,2.076923077,224.3076923,12.46153846,0.036,0
13,14,51.01955001,80,2.166666667,173.3333333,9.62962963,0.026666667,0
6,6,2,4.754887502,0.5,2.377443751,0.132080208,0.001584963,0
8,7,2,4.754887502,0.5,2.377443751,0.132080208,0.001584963,0
5,4,2,4.754887502,0.5,2.377443751,0.132080208,0.001584963,0
7,6,2,4.754887502,0.5,2.377443751,0.132080208,0.001584963,0
8,8,6.754887502,11.60964047,1,11.60964047,0.644980026,0.00386988,0
3,2,2,4.754887502,0.5,2.377443751,0.132080208,0.001584963,0
3,3,2,4.754887502,0.5,2.377443751,0.132080208,0.001584963,0
3,3,2,4.754887502,0.5,2.377443751,0.132080208,0.001584963,0
3,3,2,4.754887502,0.5,2.377443751,0.132080208,0.001584963,0
3,4,2,4.754887502,0.5,2.377443751,0.132080208,0.001584963,0
3,3,2,4.754887502,0.5,2.377443751,0.132080208,0.001584963,0
3,3,2,4.754887502,0.5,2.377443751,0.132080208,0.001584963,0
3,3,2,4.754887502,0.5,2.377443751,0.132080208,0.001584963,0
3,3,2,4.754887502,0.5,2.377443751,0.132080208,0.001584963,0
3,3,2,4.754887502,0.5,2.377443751,0.132080208,0.001584963,0
7,8,2,4.754887502,0.5,2.377443751,0.132080208,0.001584963,0
5,4,2,4.754887502,0.5,2.377443751,0.132080208,0.001584963,0
5,4,2,4.754887502,0.5,2.377443751,0.132080208,0.001584963,0
22,21,88,201.73835,7.25,1462.603038,81.25572432,0.067246117,0
7,8,2,4.754887502,0.5,2.377443751,0.132080208,0.001584963,0
39,39,16.36452798,24,1.5,36,2,0.008,0
23,26,88.71062276,189.9896022,2.947368421,559.9693537,31.10940854,0.063329867,0
3,3,2,4.754887502,0.5,2.377443751,0.132080208,0.001584963,0
13,12,8,13.93156857,0.5,6.965784285,0.386988016,0.004643856,0
10,8,2,4.754887502,0.5,2.377443751,0.132080208,0.001584963,0
14,12,10,15.509775,1,15.509775,0.861654167,0.005169925,0
12,12,0,2,0.5,1,0.055555556,0.000666667,0
30,30,193.2192809,291.1851408,5.46875,1592.418739,88.46770772,0.097061714,0
34,34,70.21299941,146.9455552,3.666666667,538.8003692,29.93335384,0.048981852,0
9,12,6.754887502,11.60964047,1,11.60964047,0.644980026,0.00386988,0
7,7,2,4.754887502,0.5,2.377443751,0.132080208,0.001584963,0
22,28,63.61549134,101.9502603,3.692307692,376.4317304,20.91287391,0.03398342,0
30,33,40.13896549,57.11032383,2.5,142.7758096,7.931989421,0.019036775,0
11,10,12.7548875,22.45883938,1.875,42.11032383,2.339462435,0.00748628,0
10,9,2,4.754887502,0.5,2.377443751,0.132080208,0.001584963,0
14,14,23.509775,33.21928095,2,66.4385619,3.691031217,0.011073094,0
48,56,74.11313394,101.0233007,3,303.0699022,16.83721679,0.033674434,0
8,8,2,4.754887502,0.5,2.377443751,0.132080208,0.001584963,0
14,14,32,64.52932501,3,193.587975,10.7548875,0.021509775,0
8,7,20.26466251,28.52932501,1.5,42.79398752,2.377443751,0.009509775,0
43,49,37.97416845,59.20703549,1.5,88.81055324,4.933919624,0.019735678,0
10,9,10,15.509775,1,15.509775,0.861654167,0.005169925,0
18,52,32,50.18947501,2.25,112.9263188,6.273684376,0.016729825,0
11,25,2,4.754887502,0.5,2.377443751,0.132080208,0.001584963,0
13,18,28.7548875,55.3509059,1.875,103.7829486,5.765719364,0.018450302,0
29,28,67.75720079,112.3701305,4.576923077,514.3094433,28.57274685,0.03745671,0
22,24,16.36452798,24,1.5,36,2,0.008,0
35,36,75.60964047,131.7695227,3.125,411.7797584,22.87665324,0.043923174,0
37,40,117.7589801,199.1772208,4.295454545,855.5566984,47.53092769,0.066392407,0
18,18,17.509775,36,1.333333333,48,2.666666667,0.012,0
13,13,17.509775,27,1,27,1.5,0.009,0
18,58,2,14.26466251,1.5,21.39699376,1.188721876,0.004754888,0
25,25,106.0900464,180.6857251,4.375,790.5000472,43.91666929,0.060228575,0
5,5,2,4.754887502,0.5,2.377443751,0.132080208,0.001584963,0
9,9,16.36452798,24,1.5,36,2,0.008,0
15,16,27.65148445,51.89147428,2.857142857,148.2613551,8.236741949,0.017297158,0
26,28,40.13896549,91.37651813,4.444444444,406.1178584,22.56210324,0.030458839,0
9,9,2,4.754887502,0.5,2.377443751,0.132080208,0.001584963,0
10,10,32,64.52932501,3,193.587975,10.7548875,0.021509775,0
35,31,41.21928095,102.7985829,3.6,370.0748984,20.55971658,0.034266194,0
9,9,13.60964047,22.45883938,1,22.45883938,1.247713299,0.00748628,0
6,5,2,4.754887502,0.5,2.377443751,0.132080208,0.001584963,0
18,21,61.30296891,91.73835003,2,183.4767001,10.19315,0.03057945,0
12,12,28.7548875,55.3509059,1.875,103.7829486,5.765719364,0.018450302,0
12,12,41.21928095,72.33974352,2.4,173.6153844,9.645299136,0.024113248,0
21,21,83.05865003,120.4046537,2,240.8093074,13.37829486,0.040134885,0
19,17,0,8,2,16,0.888888889,0.002666667,0
36,32,24.40637196,36.54120904,1.5,54.81181357,3.045100754,0.012180403,0
85,111,20.26466251,41.20902502,2,82.41805004,4.578780558,0.013736342,0
15,17,2,4.754887502,0.5,2.377443751,0.132080208,0.001584963,0
7,9,13.60964047,25.2661943,1.2,30.31943316,1.684412953,0.008422065,0
47,40,13.60964047,28.07354922,1.2,33.68825906,1.871569948,0.00935785,0
34,29,20.26466251,41.20902502,2,82.41805004,4.578780558,0.013736342,0
224,235,837.5528205,2103.368177,12.82894737,26983.99963,1499.111091,0.701122726,0
21,20,0,2,0.5,1,0.055555556,0.000666667,0
83,69,17.509775,111,3.333333333,370,20.55555556,0.037,0
49,52,10,15.509775,1,15.509775,0.861654167,0.005169925,0
29,78,24.40637196,69.76048999,2.571428571,179.3841171,9.965784285,0.023253497,0
47,50,96.22039776,195.04196,4.105263158,800.6985725,44.48325403,0.065013987,0
35,36,54.62919048,102.186571,3.125,319.3330345,17.74072414,0.03406219,0
13,12,2,4.754887502,0.5,2.377443751,0.132080208,0.001584963,0
11,10,68.81274391,151.2674833,4.928571429,745.5325964,41.41847758,0.050422494,0
11,10,2,4.754887502,0.5,2.377443751,0.132080208,0.001584963,0
7,6,10,15.509775,1,15.509775,0.861654167,0.005169925,0
6,6,0,2,0.5,1,0.055555556,0.000666667,0
6,6,0,2,0.5,1,0.055555556,0.000666667,0
6,6,0,2,0.5,1,0.055555556,0.000666667,0
28,33,30.52932501,48.43204266,1,48.43204266,2.690669037,0.016144014,0
17,17,40.13896549,64.72503367,3.055555556,197.7709362,10.98727423,0.021575011,0
17,18,40.13896549,64.72503367,3.055555556,197.7709362,10.98727423,0.021575011,0
17,18,40.13896549,64.72503367,3.055555556,197.7709362,10.98727423,0.021575011,0
17,18,40.13896549,64.72503367,3.055555556,197.7709362,10.98727423,0.021575011,0
7,6,0,2,0.5,1,0.055555556,0.000666667,0
24,20,0,16,4,64,3.555555556,0.005333333,0
24,37,0,12,3,36,2,0.004,0
7,6,0,2,0.5,1,0.055555556,0.000666667,0
24,22,0,16,4,64,3.555555556,0.005333333,0
24,30,0,12,3,36,2,0.004,0
7,6,0,2,0.5,1,0.055555556,0.000666667,0
24,22,0,16,4,64,3.555555556,0.005333333,0
24,30,0,12,3,36,2,0.004,0
21,22,40.13896549,64.72503367,3.055555556,197.7709362,10.98727423,0.021575011,0
20,17,0,6,1.5,9,0.5,0.002,0
13,23,0,14,3.5,49,2.722222222,0.004666667,0
38,47,13.60964047,42.11032383,1.6,67.37651813,3.743139896,0.014036775,0
24,25,26,49.82892142,1.25,62.28615178,3.460341766,0.01660964,0
30,32,50.10571634,117.2067179,1.538461538,180.3180275,10.01766819,0.039068906,0
25,28,63.35824644,271.0451251,4,1084.1805,60.23225002,0.090348375,0
9,16,30.52932501,79.56692723,1.666666667,132.6115454,7.367308077,0.026522309,0
9,9,8,13.93156857,0.5,6.965784285,0.386988016,0.004643856,0
11,16,74.2417558,138.301699,1.852941176,256.2649129,14.23693961,0.046100566,0
7,9,2,4.754887502,0.5,2.377443751,0.132080208,0.001584963,0
4,5,10,15.509775,1,15.509775,0.861654167,0.005169925,0
13,16,8,13.93156857,0.5,6.965784285,0.386988016,0.004643856,0
12,9,0,2,0.5,1,0.055555556,0.000666667,0
30,27,0,8,2,16,0.888888889,0.002666667,0
20,23,27.65148445,38.05374781,2,76.10749561,4.228194201,0.012684583,0
9,13,6.754887502,11.60964047,1,11.60964047,0.644980026,0.00386988,0
22,21,6.754887502,11.60964047,1,11.60964047,0.644980026,0.00386988,0
6,10,4.754887502,12,0.666666667,8,0.444444444,0.004,0
15,23,11.60964047,31.01955001,0.8,24.81564001,1.378646667,0.01033985,0
24,40,60.60335893,171.6734393,1.866666667,320.4570868,17.80317149,0.05722448,0
33,36,88.71062276,275.9372793,4,1103.749117,61.3193954,0.091979093,0
33,32,0,6,1.5,9,0.5,0.002,0
18,23,10,15.509775,1,15.509775,0.861654167,0.005169925,0
8,12,2,4.754887502,0.5,2.377443751,0.132080208,0.001584963,0
5,9,0,6,1.5,9,0.5,0.002,0
29,38,26,73.08241809,1.625,118.7589294,6.5977183,0.024360806,0
22,30,20.26466251,69.73835003,3.25,226.6496376,12.59164653,0.023246117,0
9,11,2,4.754887502,0.5,2.377443751,0.132080208,0.001584963,0
11,13,81.09650878,160.5395383,3.529411765,566.6101351,31.47834084,0.053513179,0
36,52,146.2155783,322.8412236,3.75,1210.654589,67.25858826,0.107613741,0
76,97,66.60335893,140.1816079,2.933333333,411.1993833,22.84441018,0.046727203,0
26,25,104.7106228,142.6466251,4.210526316,600.6173687,33.36763159,0.047548875,0
6,6,4.754887502,12,0.666666667,8,0.444444444,0.004,0
16,16,33.21928095,51.89147428,0.5,25.94573714,1.441429841,0.017297158,0
8,11,24.40637196,46.50699333,1.928571429,89.69205856,4.982892142,0.015502331,0
3,4,6.754887502,11.60964047,1,11.60964047,0.644980026,0.00386988,0
10,15,59.71535681,158.4571501,4.807692308,761.8132214,42.32295675,0.05281905,0
7,22,2,25.35940001,2,50.71880002,2.817711112,0.008453133,0
15,16,2,4.754887502,0.5,2.377443751,0.132080208,0.001584963,0
10,10,10,18.09473751,1,18.09473751,1.005263195,0.006031579,0
11,11,13.60964047,25.2661943,1,25.2661943,1.403677461,0.008422065,0
10,27,61.30296891,120.927825,2.571428571,310.9572644,17.27540358,0.040309275,0
13,14,2,4.754887502,0.5,2.377443751,0.132080208,0.001584963,0
32,29,24.40637196,89.69205856,3.642857143,326.7353562,18.15196423,0.029897353,0
3,3,10,15.509775,1,15.509775,0.861654167,0.005169925,0
3,4,2,4.754887502,0.5,2.377443751,0.132080208,0.001584963,0
4,4,10,18.09473751,1,18.09473751,1.005263195,0.006031579,0
34,33,72,164.2332676,2.75,451.6414859,25.09119366,0.054744423,0
3,2,2,4.754887502,0.5,2.377443751,0.132080208,0.001584963,0
7,6,2,4.754887502,0.5,2.377443751,0.132080208,0.001584963,0
21,20,10,15.509775,1,15.509775,0.861654167,0.005169925,0
25,21,51.01955001,72,2,144,8,0.024,0
11,21,13.60964047,25.2661943,1.2,30.31943316,1.684412953,0.008422065,0
5,5,2,4.754887502,0.5,2.377443751,0.132080208,0.001584963,0
25,24,51.01955001,128,3.5,448,24.88888889,0.042666667,0
6,6,2,4.754887502,0.5,2.377443751,0.132080208,0.001584963,0
34,32,20.26466251,38.03910002,2,76.07820003,4.226566669,0.0126797,0
42,38,30.52932501,51.89147428,1.111111111,57.65719364,3.203177425,0.017297158,0
19,19,0,2,0.5,1,0.055555556,0.000666667,0
9,9,8,13.93156857,0.5,6.965784285,0.386988016,0.004643856,0
16,16,17.509775,36,1.333333333,48,2.666666667,0.012,0
15,14,41.21928095,60.91767875,2.2,134.0188933,7.44549407,0.020305893,0
7,8,36.52932501,55.50659577,2.222222222,123.3479906,6.852666145,0.018502199,0
22,25,58.05785641,98.09910819,1.714285714,168.1698998,9.342772209,0.032699703,0
10,10,10,15.509775,1,15.509775,0.861654167,0.005169925,0
7,8,2,4.754887502,0.5,2.377443751,0.132080208,0.001584963,0
6,7,6.754887502,11.60964047,1,11.60964047,0.644980026,0.00386988,0
7,9,10,15.509775,1,15.509775,0.861654167,0.005169925,0
8,8,10,15.509775,1,15.509775,0.861654167,0.005169925,0
41,38,109.2399478,149.0280026,4.736842105,705.9221175,39.21789542,0.049676001,0
6,6,2,4.754887502,0.5,2.377443751,0.132080208,0.001584963,0
4,4,2,4.754887502,0.5,2.377443751,0.132080208,0.001584963,0
37,47,137.7212077,250,3.807692308,951.9230769,52.88461538,0.083333333,0
37,41,66.60335893,106.1981878,2.133333333,226.5561341,12.58645189,0.035399396,0
32,33,64,98.09910819,0.5,49.0495541,2.724975228,0.032699703,0
4,4,27.65148445,41.51317942,2.285714286,94.88726725,5.271514847,0.013837726,0
31,31,251.8882768,686.9503876,2.733333333,1877.664393,104.3146885,0.228983463,0
14,16,51.01955001,84,2.333333333,196,10.88888889,0.028,0
25,24,72.10571634,114.200253,5.230769231,597.3551695,33.18639831,0.038066751,0
10,10,2,4.754887502,0.5,2.377443751,0.132080208,0.001584963,0
13,12,23.509775,36.54120904,2.333333333,85.2628211,4.736823395,0.012180403,0
49,51,158.6059378,268.8361001,4.857142857,1305.775343,72.54307462,0.089612033,0
19,15,8,20.89735285,0.75,15.67301464,0.870723036,0.006965784,0
19,19,0,2,0.5,1,0.055555556,0.000666667,0
23,20,118.0391,230.7530363,2.5,576.8825906,32.04903281,0.076917679,0
15,14,109.7171361,161.6661751,2.613636364,422.5365939,23.47425522,0.053888725,0
18,17,6.754887502,13.93156857,1.333333333,18.57542476,1.031968042,0.004643856,0
6,6,2,4.754887502,0.5,2.377443751,0.132080208,0.001584963,0
19,18,6.754887502,13.93156857,1.333333333,18.57542476,1.031968042,0.004643856,0
6,6,2,4.754887502,0.5,2.377443751,0.132080208,0.001584963,0
6,6,2,4.754887502,0.5,2.377443751,0.132080208,0.001584963,0
9,11,27.65148445,41.51317942,2.285714286,94.88726725,5.271514847,0.013837726,0
9,10,23.509775,33.21928095,2,66.4385619,3.691031217,0.011073094,0
7,7,27.65148445,41.51317942,2.285714286,94.88726725,5.271514847,0.013837726,0
11,9,6.754887502,11.60964047,1,11.60964047,0.644980026,0.00386988,0
706,737,2221.692682,3822.231399,9.677902622,36991.18328,2055.065738,1.274077133,0
7,6,0,2,0.5,1,0.055555556,0.000666667,0
34,29,4.754887502,12,0.666666667,8,0.444444444,0.004,0
12,13,24.40637196,49.82892142,1.928571429,96.09863417,5.33881301,0.01660964,0
7,7,0,2,0.5,1,0.055555556,0.000666667,0
28,28,44.82892142,62.51024953,2.5,156.2756238,8.681979101,0.02083675,0
21,23,86.6682905,135.7068587,2.638888889,358.1153215,19.89529564,0.04523562,0
13,13,2,4.754887502,0.5,2.377443751,0.132080208,0.001584963,0
47,58,72,116.6920586,2.25,262.5571318,14.58650732,0.038897353,0
17,17,61.30296891,100.0782,2.285714286,228.7501715,12.70834286,0.0333594,0
10,18,2,4.754887502,0.5,2.377443751,0.132080208,0.001584963,0
17,16,2,4.754887502,0.5,2.377443751,0.132080208,0.001584963,0
8,10,2,4.754887502,0.5,2.377443751,0.132080208,0.001584963,0
9,30,2,4.754887502,0.5,2.377443751,0.132080208,0.001584963,0
6,6,17.509775,27,1,27,1.5,0.009,0
7,7,2,4.754887502,0.5,2.377443751,0.132080208,0.001584963,0
7,7,2,4.754887502,0.5,2.377443751,0.132080208,0.001584963,0
23,24,32,43.01955001,2,86.03910002,4.779950001,0.01433985,0
28,36,56.10571634,98.09910819,2.461538462,241.4747279,13.41526266,0.032699703,0
14,14,32,50.18947501,2.25,112.9263188,6.273684376,0.016729825,0
26,33,75.60964047,144.946475,3.4375,498.2535076,27.68075042,0.048315492,0
11,10,0,2,0.5,1,0.055555556,0.000666667,0
21,20,83.65148445,131.1832967,4.15625,545.230577,30.29058761,0.043727766,0
6,6,2,4.754887502,0.5,2.377443751,0.132080208,0.001584963,0
11,11,2,4.754887502,0.5,2.377443751,0.132080208,0.001584963,0
9,9,2,4.754887502,0.5,2.377443751,0.132080208,0.001584963,0
9,9,2,4.754887502,0.5,2.377443751,0.132080208,0.001584963,0
9,14,2,4.754887502,0.5,2.377443751,0.132080208,0.001584963,0
9,10,2,4.754887502,0.5,2.377443751,0.132080208,0.001584963,0
10,16,2,4.754887502,0.5,2.377443751,0.132080208,0.001584963,0
2,2,16.36452798,24,1.5,36,2,0.008,0
6,6,16.36452798,24,1.5,36,2,0.008,0
6,6,16.36452798,24,1.5,36,2,0.008,0
6,6,16.36452798,24,1.5,36,2,0.008,0
6,6,16.36452798,24,1.5,36,2,0.008,0
6,6,16.36452798,24,1.5,36,2,0.008,0
6,6,17.509775,30,1,30,1.666666667,0.01,0
6,6,17.509775,30,1,30,1.666666667,0.01,0
4,4,6.754887502,11.60964047,1,11.60964047,0.644980026,0.00386988,0
2,2,20.26466251,28.52932501,1.5,42.79398752,2.377443751,0.009509775,0
4,4,10,15.509775,1,15.509775,0.861654167,0.005169925,0
4,4,2,4.754887502,0.5,2.377443751,0.132080208,0.001584963,0
9,9,2,4.754887502,0.5,2.377443751,0.132080208,0.001584963,0
10,10,13.60964047,22.45883938,1,22.45883938,1.247713299,0.00748628,0
10,10,13.60964047,22.45883938,1,22.45883938,1.247713299,0.00748628,0
10,10,13.60964047,22.45883938,1,22.45883938,1.247713299,0.00748628,0
10,10,13.60964047,22.45883938,1,22.45883938,1.247713299,0.00748628,0
10,10,13.60964047,22.45883938,1,22.45883938,1.247713299,0.00748628,0
16,16,55.30296891,84,1,84,4.666666667,0.028,0
2,2,2,4.754887502,0.5,2.377443751,0.132080208,0.001584963,0
4,11,2,4.754887502,0.5,2.377443751,0.132080208,0.001584963,0
4,4,6.754887502,11.60964047,1,11.60964047,0.644980026,0.00386988,0
10,10,13.60964047,22.45883938,1,22.45883938,1.247713299,0.00748628,0
9,9,0,2,0.5,1,0.055555556,0.000666667,0
6,6,15.509775,25.2661943,0.5,12.63309715,0.701838731,0.008422065,0
6,6,15.509775,25.2661943,0.5,12.63309715,0.701838731,0.008422065,0
5,5,2,4.754887502,0.5,2.377443751,0.132080208,0.001584963,0
11,11,12.7548875,22.45883938,1.875,42.11032383,2.339462435,0.00748628,0
30,25,164.8814489,260.4726683,4.413793103,1149.672467,63.87069261,0.086824223,0
32,31,46.05374781,66.41714013,2,132.8342803,7.379682236,0.022139047,0
14,12,17.509775,36,1.333333333,48,2.666666667,0.012,0
14,13,36.52932501,77.70923408,3.111111111,241.7620616,13.43122564,0.025903078,0
7,7,10,15.509775,1,15.509775,0.861654167,0.005169925,0
5,4,2,4.754887502,0.5,2.377443751,0.132080208,0.001584963,0
17,17,49.66338828,84,3.181818182,267.2727273,14.84848485,0.028,0
27,27,36.52932501,55.50659577,2.222222222,123.3479906,6.852666145,0.018502199,0
40,41,127.7060452,245.3445298,3.3,809.6369483,44.97983046,0.08178151,0
24,24,66.60335893,123.1898979,2.533333333,312.0810747,17.33783748,0.041063299,0
11,14,33.28421252,50.18947501,1.5,75.28421252,4.182456251,0.016729825,0
31,25,90.56842503,146.7188,3.333333333,489.0626667,27.17014815,0.048906267,0
23,24,50.10571634,82.04470251,1.076923077,88.35583347,4.908657415,0.027348234,0
19,18,64.91260938,89.20647778,2.5,223.0161945,12.38978858,0.029735493,0
10,10,10,15.509775,1,15.509775,0.861654167,0.005169925,0
8,8,19.65148445,36,0.571428571,20.57142857,1.142857143,0.012,0
20,20,10,15.509775,1,15.509775,0.861654167,0.005169925,0
29,33,6.754887502,16.25349666,1.333333333,21.67132889,1.203962716,0.005417832,0
9,7,2,6.339850003,0.5,3.169925001,0.176106945,0.002113283,0
5,5,10,15.509775,1,15.509775,0.861654167,0.005169925,0
5,6,10,15.509775,1,15.509775,0.861654167,0.005169925,0
15,11,27.65148445,48.43204266,2.571428571,124.5395383,6.918863237,0.016144014,0
20,19,94.71013448,143.9595419,3.888888889,559.8426629,31.10237016,0.047986514,0
16,11,33.28421252,96.79398752,3,290.3819626,16.13233125,0.032264663,0
21,20,152.3819626,364.1790942,6.814814815,2481.813086,137.8785048,0.121393031,0
34,32,88,210.908275,7.5,1581.812063,87.87844793,0.070302758,0
8,8,8,13.93156857,0.5,6.965784285,0.386988016,0.004643856,0
31,25,23.509775,36.54120904,2.333333333,85.2628211,4.736823395,0.012180403,0
11,10,93.4868683,162.5349666,5.411764706,879.6009959,48.866722,0.054178322,0
25,16,86.6682905,217.1309739,4.444444444,965.0265506,53.61258615,0.072376991,0
23,21,121.6487405,223.4671258,3.125,698.334768,38.796376,0.074489042,0
12,12,24.40637196,43.18506523,1.714285714,74.0315404,4.112863356,0.014395022,0
12,12,24.40637196,43.18506523,1.714285714,74.0315404,4.112863356,0.014395022,0
4,4,2,4.754887502,0.5,2.377443751,0.132080208,0.001584963,0
6,6,2,4.754887502,0.5,2.377443751,0.132080208,0.001584963,0
7,7,4.754887502,12,0.666666667,8,0.444444444,0.004,0
23,24,59.71535681,91.73835003,2.692307692,246.9878655,13.72154808,0.03057945,0
30,30,94.71013448,148.6033981,4.083333333,606.7972088,33.71095604,0.049534466,0
32,31,77.4868683,118.5925704,2.117647059,251.1372079,13.95206711,0.039530857,0
36,32,81.09650878,129.3235169,2.794117647,361.3451209,20.07472894,0.043107839,0
29,28,164.8814489,244.8443082,4.275862069,1046.92049,58.16224945,0.081614769,0
16,16,44.82892142,58.60335893,2.5,146.5083973,8.139355408,0.019534453,0
6,6,10,15.509775,1,15.509775,0.861654167,0.005169925,0
16,17,79.509775,129.3235169,3.5625,460.7150291,25.59527939,0.043107839,0
17,16,17.509775,30,1,30,1.666666667,0.01,0
9,8,24.40637196,36.54120904,1.5,54.81181357,3.045100754,0.012180403,0
13,8,63.35824644,145.9473751,2.3,335.6789626,18.64883126,0.048649125,0
14,12,20.26466251,53.88872502,2.75,148.1939938,8.232999657,0.017962908,0
5,5,2,4.754887502,0.5,2.377443751,0.132080208,0.001584963,0
10,12,2,4.754887502,0.5,2.377443751,0.132080208,0.001584963,0
35,32,184,356.5691824,5.5,1961.130503,108.9516946,0.118856394,0
29,29,63.35824644,112.587975,1.8,202.6583551,11.2587975,0.037529325,0
43,38,156.3912239,261.5934339,3.413793103,893.0258604,49.6125478,0.087197811,0
8,8,17.509775,27,1,27,1.5,0.009,0
22,18,139.991603,250,2.962962963,740.7407407,41.15226337,0.083333333,0
11,11,2,4.754887502,0.5,2.377443751,0.132080208,0.001584963,0
10,10,2,4.754887502,0.5,2.377443751,0.132080208,0.001584963,0
37,36,86.6682905,144.7539826,2.916666667,422.1991159,23.45550644,0.048251328,0
30,30,83.05865003,147.1612434,2.444444444,359.7274839,19.98486022,0.049053748,0
8,8,10,15.509775,1,15.509775,0.861654167,0.005169925,0
38,36,141.8629171,211.864553,3.769230769,798.5663921,44.36479956,0.070621518,0
14,11,15.509775,25.2661943,0.5,12.63309715,0.701838731,0.008422065,0
15,44,16.36452798,24,1.5,36,2,0.008,0
29,29,88.71062276,149.2775445,2.315789474,345.6953663,19.20529813,0.049759182,0
20,25,17.509775,27,1,27,1.5,0.009,0
10,16,6.754887502,11.60964047,1,11.60964047,0.644980026,0.00386988,0
6,10,2,4.754887502,0.5,2.377443751,0.132080208,0.001584963,0
4,4,2,4.754887502,0.5,2.377443751,0.132080208,0.001584963,0
12,12,2,4.754887502,0.5,2.377443751,0.132080208,0.001584963,0
8,8,6.754887502,13.93156857,1.333333333,18.57542476,1.031968042,0.004643856,0
8,8,40.13896549,53.30296891,2.5,133.2574223,7.403190126,0.017767656,0
13,14,2,4.754887502,0.5,2.377443751,0.132080208,0.001584963,0
30,31,67.75720079,151.2674833,5.923076923,895.9689397,49.7760522,0.050422494,0
6,5,6.754887502,13.93156857,1.333333333,18.57542476,1.031968042,0.004643856,0
6,6,27.65148445,41.51317942,2.285714286,94.88726725,5.271514847,0.013837726,0
6,5,24.40637196,39.86313714,1.714285714,68.33680652,3.796489251,0.013287712,0
6,5,6.754887502,13.93156857,1.333333333,18.57542476,1.031968042,0.004643856,0
17,17,68.81274391,116.6920586,3.642857143,425.092499,23.61624995,0.038897353,0
8,7,4,14,2,28,1.555555556,0.004666667,0
8,7,4,14,2,28,1.555555556,0.004666667,0
15,14,20.26466251,28.52932501,1.5,42.79398752,2.377443751,0.009509775,0
15,14,27.65148445,41.51317942,2.285714286,94.88726725,5.271514847,0.013837726,0
14,11,57.70523226,104.248125,5.090909091,530.7177275,29.48431819,0.034749375,0
9,11,2,4.754887502,0.5,2.377443751,0.132080208,0.001584963,0
5,5,47.77443751,74.23092132,1.5,111.346382,6.18591011,0.02474364,0
12,12,27.65148445,44.97261104,2.285714286,102.7945395,5.710807751,0.01499087,0
9,11,20.26466251,38.03910002,2,76.07820003,4.226566669,0.0126797,0
9,11,20.26466251,38.03910002,2,76.07820003,4.226566669,0.0126797,0
8,10,10,23.26466251,1.5,34.89699376,1.938721876,0.007754888,0
8,10,20.26466251,38.03910002,2,76.07820003,4.226566669,0.0126797,0
14,17,48.72905595,96,4.8,460.8,25.6,0.032,0
14,17,57.70523226,108.41805,5.409090909,586.4430888,32.5801716,0.03613935,0
13,15,32,64.52932501,3,193.587975,10.7548875,0.021509775,0
17,20,53.56352281,118.5364224,5.181818182,614.2341888,34.1241216,0.039512141,0
14,16,32,64.52932501,3,193.587975,10.7548875,0.021509775,0
18,21,53.56352281,118.5364224,5.181818182,614.2341888,34.1241216,0.039512141,0
14,16,32,64.52932501,3,193.587975,10.7548875,0.021509775,0
18,21,53.56352281,118.5364224,5.181818182,614.2341888,34.1241216,0.039512141,0
13,15,32,64.52932501,3,193.587975,10.7548875,0.021509775,0
17,20,53.56352281,118.5364224,5.181818182,614.2341888,34.1241216,0.039512141,0
27,32,146.2114327,366.2973246,7.230769231,2648.611424,147.1450791,0.122099108,0
27,32,134.0391,320,7,2240,124.4444444,0.106666667,0
16,18,51.01955001,108,3,324,18,0.036,0
20,25,154.2574223,246.2055848,4.125,1015.598037,56.42211319,0.082068528,0
13,11,32,50.18947501,2.25,112.9263188,6.273684376,0.016729825,0
39,37,106.0900464,199.7052751,4.725,943.6074248,52.42263471,0.066568425,0
9,9,94.71013448,190.3981038,5.25,999.5900448,55.53278027,0.063466035,0
9,9,94.71013448,190.3981038,5.25,999.5900448,55.53278027,0.063466035,0
18,17,133.8210731,312.1143676,3.942307692,1230.450872,68.35838178,0.104038123,0
12,12,27.65148445,62.26976914,3.428571429,213.4963513,11.86090841,0.02075659,0
3,2,2,4.754887502,0.5,2.377443751,0.132080208,0.001584963,0
4,3,2,4.754887502,0.5,2.377443751,0.132080208,0.001584963,0
9,8,94.71013448,190.3981038,5.25,999.5900448,55.53278027,0.063466035,0
4,6,251.8246317,623.2327927,4.204545455,2620.410606,145.578367,0.207744264,0
17,16,54.62919048,102.186571,3.333333333,340.6219034,18.92343908,0.03406219,0
11,9,44.03910002,78.13781191,4.333333333,338.597185,18.81095472,0.026045937,0
4,3,20.26466251,28.52932501,1.5,42.79398752,2.377443751,0.009509775,0
27,31,83.65148445,153.8011065,4.8125,740.1678251,41.12043473,0.051267036,0
6,6,16.36452798,24,1.5,36,2,0.008,0
32,33,87.13268395,160.4736875,6.6,1059.126338,58.84035209,0.053491229,0
36,39,36.52932501,74.00879436,2.666666667,197.356785,10.96426583,0.024669598,0
16,15,10,15.509775,1,15.509775,0.861654167,0.005169925,0
16,13,53.56352281,98.09910819,4.090909091,401.3145335,22.29525186,0.032699703,0
28,27,35.16125946,77.70923408,8.166666667,634.6254117,35.25696731,0.025903078,0
11,10,2,4.754887502,0.5,2.377443751,0.132080208,0.001584963,0
10,9,2,4.754887502,0.5,2.377443751,0.132080208,0.001584963,0
14,13,2,4.754887502,0.5,2.377443751,0.132080208,0.001584963,0
15,14,10,15.509775,1,15.509775,0.861654167,0.005169925,0
21,20,21.65148445,38.03910002,1.142857143,43.47325716,2.415180953,0.0126797,0
11,11,24.40637196,36.54120904,1.5,54.81181357,3.045100754,0.012180403,0
12,11,0,2,0.5,1,0.055555556,0.000666667,0
9,8,10,15.509775,1,15.509775,0.861654167,0.005169925,0
26,25,6.754887502,11.60964047,1,11.60964047,0.644980026,0.00386988,0
31,34,62.67103446,97.70233281,4.375,427.447706,23.74709478,0.032567444,0
26,22,16.36452798,36,2.1,75.6,4.2,0.012,0
6,5,10,15.509775,1,15.509775,0.861654167,0.005169925,0
6,5,16.36452798,27,1.8,48.6,2.7,0.009,0
6,5,10,15.509775,1,15.509775,0.861654167,0.005169925,0
5,4,2,4.754887502,0.5,2.377443751,0.132080208,0.001584963,0
20,20,12.7548875,42.11032383,3.75,157.9137144,8.772984131,0.014036775,0
9,7,30.52932501,51.89147428,1.111111111,57.65719364,3.203177425,0.017297158,0
9,8,2,4.754887502,0.5,2.377443751,0.132080208,0.001584963,0
14,14,41.21928095,76.14709844,2.6,197.9824559,10.99902533,0.025382366,0
6,5,0,2,0.5,1,0.055555556,0.000666667,0
7,6,6.754887502,11.60964047,1,11.60964047,0.644980026,0.00386988,0
3,2,2,4.754887502,0.5,2.377443751,0.132080208,0.001584963,0
3,2,0,2,0.5,1,0.055555556,0.000666667,0
29,28,20.26466251,31.69925001,1.5,47.54887502,2.641604168,0.010566417,0
9,8,10,15.509775,1,15.509775,0.861654167,0.005169925,0
7,6,6.754887502,11.60964047,1,11.60964047,0.644980026,0.00386988,0
9,8,4.754887502,12,0.666666667,8,0.444444444,0.004,0
25,25,98.04820237,181.1103914,3.25,588.6087721,32.70048734,0.06037013,0
18,81,16.36452798,24,1.5,36,2,0.008,0
7,6,0,2,0.5,1,0.055555556,0.000666667,0
4,4,2,4.754887502,0.5,2.377443751,0.132080208,0.001584963,0
5,5,10,15.509775,1,15.509775,0.861654167,0.005169925,0
4,4,2,4.754887502,0.5,2.377443751,0.132080208,0.001584963,0
26,28,49.66338828,76,2.727272727,207.2727273,11.51515152,0.025333333,0
8,8,2,4.754887502,0.5,2.377443751,0.132080208,0.001584963,0
4,4,2,4.754887502,0.5,2.377443751,0.132080208,0.001584963,0
80,80,58.05785641,138.9737366,2.035714286,282.9108209,15.71726783,0.046324579,0
17,17,8,13.93156857,0.5,6.965784285,0.386988016,0.004643856,0
60,53,232.5286082,455.4762858,4.6375,2112.271276,117.3484042,0.151825429,0
53,53,0,4,1,4,0.222222222,0.001333333,0
213,250,171.2198934,341.2150501,1.772727273,604.8812252,33.60451251,0.11373835,0
8,5,2,4.754887502,0.5,2.377443751,0.132080208,0.001584963,0
17,38,2,177.5158001,14,2485.221201,138.0678445,0.059171933,0
3,3,4.754887502,12,0.666666667,8,0.444444444,0.004,0
8,7,2,4.754887502,0.5,2.377443751,0.132080208,0.001584963,0
6,6,16.36452798,27,1.8,48.6,2.7,0.009,0
5,5,26,39.86313714,1,39.86313714,2.21461873,0.013287712,0
7,7,24.40637196,39.86313714,1.714285714,68.33680652,3.796489251,0.013287712,0
5,5,17.509775,27,1,27,1.5,0.009,0
3,3,10,15.509775,1,15.509775,0.861654167,0.005169925,0
21,22,13.60964047,25.2661943,1.2,30.31943316,1.684412953,0.008422065,0
11,11,10,15.509775,1,15.509775,0.861654167,0.005169925,0
11,11,20.26466251,38.03910002,2,76.07820003,4.226566669,0.0126797,0
4,5,10,15.509775,1,15.509775,0.861654167,0.005169925,0
4,5,10,15.509775,1,15.509775,0.861654167,0.005169925,0
4,4,2,4.754887502,0.5,2.377443751,0.132080208,0.001584963,0
4,4,6.754887502,16.25349666,1.333333333,21.67132889,1.203962716,0.005417832,0
4,4,0,2,0.5,1,0.055555556,0.000666667,0
4,4,20.26466251,34.86917502,1.75,61.02105628,3.390058682,0.011623058,0
21,19,32,46.60451251,2,93.20902502,5.178279168,0.015534838,0
26,23,96.22039776,232.1928095,4.894736842,1136.522699,63.14014995,0.077397603,0
26,40,36.52932501,59.20703549,2.222222222,131.57119,7.309510554,0.019735678,0
23,23,36.52932501,51.80615605,2,103.6123121,5.756239562,0.017268719,0
9,8,2,4.754887502,0.5,2.377443751,0.132080208,0.001584963,0
12,11,0,4,1,4,0.222222222,0.001333333,0
63,63,91.1934494,284.9844032,3.15,897.7008702,49.87227057,0.094994801,0
13,16,90.56842503,132.9639125,3.166666667,421.0523896,23.39179942,0.044321304,0
10,11,45.01955001,79.95445336,1.166666667,93.28019559,5.182233088,0.026651484,0
9,10,45.01955001,79.95445336,1.166666667,93.28019559,5.182233088,0.026651484,0
8,12,17.509775,27,1,27,1.5,0.009,0
25,23,10,15.509775,1,15.509775,0.861654167,0.005169925,0
33,34,41.21928095,68.5323886,2.4,164.4777326,9.137651813,0.02284413,0
7,6,2,4.754887502,0.5,2.377443751,0.132080208,0.001584963,0
19,18,13.60964047,22.45883938,1,22.45883938,1.247713299,0.00748628,0
10,9,0,2,0.5,1,0.055555556,0.000666667,0
13,12,16.36452798,24,1.5,36,2,0.008,0
58,70,9.509775004,31.01955001,3.5,108.568425,6.031579168,0.01033985,0
5,4,0,2,0.5,1,0.055555556,0.000666667,0
16,15,20.26466251,31.69925001,1.5,47.54887502,2.641604168,0.010566417,0
9,7,6.754887502,20.89735285,2,41.79470571,2.321928095,0.006965784,0
23,45,32,75.28421252,3.5,263.4947438,14.63859688,0.025094738,0
37,38,102.7061493,194.9503876,7.941176471,1548.135431,86.00752394,0.064983463,0
20,18,48.72905595,72,3.3,237.6,13.2,0.024,0
32,31,89.13835276,142.1338375,4.117647059,585.256978,32.51427656,0.047377946,0
13,11,13.60964047,30.88090414,1.4,43.2332658,2.4018481,0.010293635,0
27,25,59.71535681,87.56842503,2.692307692,235.7611443,13.09784135,0.029189475,0
5,5,2,4.754887502,0.5,2.377443751,0.132080208,0.001584963,0
9,13,2,4.754887502,0.5,2.377443751,0.132080208,0.001584963,0
29,31,37.97416845,55.50659577,1.5,83.25989366,4.625549648,0.018502199,0
26,25,6.754887502,13.93156857,1.333333333,18.57542476,1.031968042,0.004643856,0
13,12,10,15.509775,1,15.509775,0.861654167,0.005169925,0
29,30,94.71013448,139.3156857,3.888888889,541.7832221,30.0990679,0.046438562,0
9,9,2,4.754887502,0.5,2.377443751,0.132080208,0.001584963,0
11,10,49.66338828,72,2.727272727,196.3636364,10.90909091,0.024,0
11,10,58.52932501,83.39850003,3.25,271.0451251,15.05806251,0.0277995,0
6,5,2,4.754887502,0.5,2.377443751,0.132080208,0.001584963,0
8,7,24.40637196,43.18506523,1.714285714,74.0315404,4.112863356,0.014395022,0
27,30,160.5329333,310.1955001,4.586206897,1422.620742,79.03448565,0.1033985,0
22,21,68.81274391,103.7262743,3.214285714,333.4058816,18.52254898,0.034575425,0
8,9,27.65148445,38.05374781,2,76.10749561,4.228194201,0.012684583,0
9,15,46.05374781,97.67226489,2.909090909,284.1374979,15.78541655,0.032557422,0
5,5,0,2,0.5,1,0.055555556,0.000666667,0
6,5,6.754887502,11.60964047,1,11.60964047,0.644980026,0.00386988,0
44,47,10,74.96391252,3.75,281.114672,15.61748178,0.024987971,0
5,8,6.754887502,11.60964047,1,11.60964047,0.644980026,0.00386988,0
17,17,16.36452798,27,1.8,48.6,2.7,0.009,0
9,9,2,4.754887502,0.5,2.377443751,0.132080208,0.001584963,0
8,5,31.26112493,60.94436251,3.928571429,239.4242813,13.30134896,0.020314788,0
8,5,23.509775,39.86313714,2.666666667,106.301699,5.905649946,0.013287712,0
40,33,96.22039776,334.3576457,7.578947368,2534.078999,140.7821666,0.111452549,0
7,6,27.65148445,55.3509059,2.857142857,158.1454454,8.785858079,0.018450302,0
12,9,44.82892142,109.3929367,4.5,492.268215,27.34823417,0.036464312,0
8,7,4,14,2,28,1.555555556,0.004666667,0
19,18,27.65148445,69.18863237,3.428571429,237.2181681,13.17878712,0.023062877,0
6,5,2,4.754887502,0.5,2.377443751,0.132080208,0.001584963,0
17,16,27.65148445,44.97261104,2.285714286,102.7945395,5.710807751,0.01499087,0
12,9,17.509775,27,1,27,1.5,0.009,0
13,10,23.509775,36.54120904,2.333333333,85.2628211,4.736823395,0.012180403,0
16,12,67.75720079,112.3701305,4.576923077,514.3094433,28.57274685,0.03745671,0
20,17,40.13896549,83.76180829,3.888888889,325.7403656,18.09668698,0.027920603,0
18,17,57.21928095,112.587975,7.2,810.6334203,45.03519002,0.037529325,0
38,35,182.7116542,428.6041604,12.07142857,5173.864507,287.4369171,0.142868053,0
24,23,117.7589801,218.6091448,4.613636364,1008.5831,56.03239443,0.072869715,0
18,17,74.11313394,184.4773318,5.6,1033.073058,57.39294766,0.061492444,0
14,11,72.95445336,109.8079356,4,439.2317423,24.40176346,0.036602645,0
15,12,83.65148445,126.6597348,3.9375,498.7227057,27.70681698,0.042219912,0
41,40,209.4845559,406.3971291,8.909090909,3620.628969,201.1460538,0.13546571,0
21,16,123.6934094,289.5065451,5.630434783,1630.047722,90.55820675,0.096502182,0
11,10,23.509775,36.54120904,2.333333333,85.2628211,4.736823395,0.012180403,0
8,7,54.62919048,110.3614967,3.75,413.8556127,22.99197848,0.036787166,0
4,3,19.60964047,38.03910002,3.2,121.7251201,6.76250667,0.0126797,0
9,8,39.509775,64.72503367,4.125,266.9907639,14.83282022,0.021575011,0
9,8,12.7548875,22.45883938,1.875,42.11032383,2.339462435,0.00748628,0
8,7,4,14,2,28,1.555555556,0.004666667,0
22,21,54.62919048,167.5859765,5.416666667,907.7573727,50.43096515,0.055861992,0
6,5,6.754887502,13.93156857,1.333333333,18.57542476,1.031968042,0.004643856,0
17,16,27.65148445,44.97261104,2.285714286,102.7945395,5.710807751,0.01499087,0
12,9,17.509775,27,1,27,1.5,0.009,0
13,10,23.509775,36.54120904,2.333333333,85.2628211,4.736823395,0.012180403,0
12,11,74.11313394,144.946475,4.4,637.7644898,35.43136054,0.048315492,0
25,24,107.7484409,256.7639251,5,1283.819626,71.32331253,0.085587975,0
23,19,106.0900464,275.7834751,6.3,1737.435893,96.52421629,0.091927825,0
17,16,57.21928095,112.587975,7.2,810.6334203,45.03519002,0.037529325,0
34,31,130.2924137,295,9.952380952,2935.952381,163.1084656,0.098333333,0
40,38,254.2364029,524.4404541,10,5244.404541,291.3558078,0.174813485,0
26,25,141.8629171,287.5304648,4.980769231,1432.122892,79.56238289,0.095843488,0
18,17,90.56842503,233.8330875,5.666666667,1325.054163,73.61412015,0.077944363,0
14,11,72.95445336,109.8079356,4,439.2317423,24.40176346,0.036602645,0
15,12,83.65148445,126.6597348,3.9375,498.7227057,27.70681698,0.042219912,0
41,40,209.4845559,406.3971291,8.909090909,3620.628969,201.1460538,0.13546571,0
20,16,117.7589801,272.0469357,5.568181818,1514.806801,84.1559334,0.090682312,0
11,10,40.13896549,53.30296891,2.5,133.2574223,7.403190126,0.017767656,0
23,19,140.0964047,277.4416766,5.76,1598.064057,88.7813365,0.092480559,0
8,7,4,14,2,28,1.555555556,0.004666667,0
21,20,27.65148445,89.94522208,4.571428571,411.1781581,22.84323101,0.029981741,0
6,5,2,4.754887502,0.5,2.377443751,0.132080208,0.001584963,0
17,16,27.65148445,44.97261104,2.285714286,102.7945395,5.710807751,0.01499087,0
12,9,17.509775,27,1,27,1.5,0.009,0
13,10,23.509775,36.54120904,2.333333333,85.2628211,4.736823395,0.012180403,0
12,11,54.62919048,110.3614967,3.75,413.8556127,22.99197848,0.036787166,0
25,24,90.56842503,206.3233125,4.833333333,997.2293439,55.40163022,0.068774438,0
23,19,106.0900464,275.7834751,6.3,1737.435893,96.52421629,0.091927825,0
17,16,57.21928095,112.587975,7.2,810.6334203,45.03519002,0.037529325,0
34,31,118.7643706,274.7858734,10.42105263,2863.558049,159.0865583,0.091595291,0
40,38,234.2230164,482.8650466,10.11111111,4882.302138,271.2390077,0.160955016,0
25,24,129.6905845,252.6640118,4.8125,1215.945557,67.55253094,0.084221337,0
17,16,79.509775,200.6744228,5.625,1128.793628,62.71075714,0.066891474,0
14,11,72.95445336,109.8079356,4,439.2317423,24.40176346,0.036602645,0
15,12,83.65148445,126.6597348,3.9375,498.7227057,27.70681698,0.042219912,0
41,40,209.4845559,406.3971291,8.909090909,3620.628969,201.1460538,0.13546571,0
20,16,89.13835276,201.73835,5.558823529,1121.427887,62.30154927,0.067246117,0
11,10,27.65148445,38.05374781,2,76.10749561,4.228194201,0.012684583,0
23,19,146.2114327,295.0728448,5.846153846,1725.041246,95.8356248,0.098357615,0
8,7,4,14,2,28,1.555555556,0.004666667,0
19,18,49.66338828,152,5.454545455,829.0909091,46.06060606,0.050666667,0
6,5,9.509775004,20.67970001,2.5,51.69925001,2.872180556,0.006893233,0
17,16,27.65148445,44.97261104,2.285714286,102.7945395,5.710807751,0.01499087,0
12,9,17.509775,27,1,27,1.5,0.009,0
13,10,23.509775,36.54120904,2.333333333,85.2628211,4.736823395,0.012180403,0
13,12,107.7484409,218.7248251,4.285714286,937.3921076,52.07733931,0.072908275,0
25,24,117.7589801,291.4788597,6.204545455,1808.493834,100.4718797,0.09715962,0
23,19,106.0900464,275.7834751,6.3,1737.435893,96.52421629,0.091927825,0
17,16,57.21928095,112.587975,7.2,810.6334203,45.03519002,0.037529325,0
36,33,136.1612434,317.7968295,10,3177.968295,176.5537942,0.105932277,0
41,39,235.7693245,471.6356269,8.756756757,4129.998463,229.444359,0.157211876,0
25,24,171.2067179,362.1069984,6,2172.641991,120.7023328,0.120702333,0
17,16,106.0900464,285.2932501,7,1997.052751,110.9473751,0.09509775,0
14,11,72.95445336,109.8079356,4,439.2317423,24.40176346,0.036602645,0
15,12,83.65148445,126.6597348,3.9375,498.7227057,27.70681698,0.042219912,0
41,40,209.4845559,406.3971291,8.909090909,3620.628969,201.1460538,0.13546571,0
21,16,89.13835276,243.0030125,6.794117647,1650.991056,91.72172532,0.081001004,0
11,10,27.65148445,41.51317942,2.285714286,94.88726725,5.271514847,0.013837726,0
19,17,94.71013448,167.1788228,4.666666667,780.1678399,43.34265777,0.055726274,0
4,3,0,2,0.5,1,0.055555556,0.000666667,0
8,7,4,14,2,28,1.555555556,0.004666667,0
19,18,59.71535681,158.4571501,4.615384615,731.3406926,40.63003848,0.05281905,0
6,5,2,4.754887502,0.5,2.377443751,0.132080208,0.001584963,0
17,16,27.65148445,44.97261104,2.285714286,102.7945395,5.710807751,0.01499087,0
12,9,17.509775,27,1,27,1.5,0.009,0
13,10,23.509775,36.54120904,2.333333333,85.2628211,4.736823395,0.012180403,0
15,14,84.99664331,176.4189163,4.588235294,809.4514983,44.96952768,0.058806305,0
25,24,123.6934094,294.4134357,5.934782609,1747.279738,97.07109657,0.098137812,0
23,19,106.0900464,275.7834751,6.3,1737.435893,96.52421629,0.091927825,0
17,16,57.21928095,112.587975,7.2,810.6334203,45.03519002,0.037529325,0
38,35,165.2309827,388.346636,11.07692308,4301.685814,238.9825452,0.129448879,0
25,24,164.8814489,343.8239221,5.931034483,2039.231538,113.290641,0.114607974,0
17,16,106.0900464,271.0285876,6.65,1802.340108,100.130006,0.090342863,0
14,11,72.95445336,109.8079356,4,439.2317423,24.40176346,0.036602645,0
15,12,83.65148445,126.6597348,3.9375,498.7227057,27.70681698,0.042219912,0
41,40,209.4845559,406.3971291,8.909090909,3620.628969,201.1460538,0.13546571,0
20,15,154.2574223,379.5669433,5.875,2229.955792,123.8864329,0.126522314,0
11,10,23.509775,36.54120904,2.333333333,85.2628211,4.736823395,0.012180403,0
23,19,134.0391,275,6,1650,91.66666667,0.091666667,0
4,3,10,15.509775,1,15.509775,0.861654167,0.005169925,0
6,5,2,4.754887502,0.5,2.377443751,0.132080208,0.001584963,0
17,16,27.65148445,44.97261104,2.285714286,102.7945395,5.710807751,0.01499087,0
12,9,17.509775,27,1,27,1.5,0.009,0
13,10,23.509775,36.54120904,2.333333333,85.2628211,4.736823395,0.012180403,0
10,8,32,53.77443751,2.5,134.4360938,7.468671877,0.017924813,0
27,21,99.05865003,277.3259434,8.444444444,2341.863522,130.103529,0.092441981,0
17,16,57.21928095,112.587975,7.2,810.6334203,45.03519002,0.037529325,0
35,32,118.7643706,289.5065451,11,3184.571997,176.9206665,0.096502182,0
41,39,234.2230164,499.7091761,10.47222222,5233.065539,290.7258633,0.166569725,0
13,12,92.32026323,155.888725,2.894736842,451.2568356,25.0698242,0.051962908,0
17,16,53.56352281,134.8862738,6,809.3176426,44.96209125,0.044962091,0
14,11,72.95445336,109.8079356,4,439.2317423,24.40176346,0.036602645,0
15,12,83.65148445,126.6597348,3.9375,498.7227057,27.70681698,0.042219912,0
41,40,209.4845559,406.3971291,8.909090909,3620.628969,201.1460538,0.13546571,0
15,12,63.61549134,131.6857529,4.384615385,577.3913782,32.07729879,0.043895251,0
11,10,23.509775,36.54120904,2.333333333,85.2628211,4.736823395,0.012180403,0
10,8,27.11941548,55.3509059,4.166666667,230.6287746,12.8127097,0.018450302,0
26,24,21.65148445,38.03910002,1.142857143,43.47325716,2.415180953,0.0126797,0
12,9,35.16125946,62.90747521,4.714285714,296.5638117,16.47576732,0.020969158,0
9,8,2,4.754887502,0.5,2.377443751,0.132080208,0.001584963,0
7,6,52.86060384,84,1.615384615,135.6923077,7.538461538,0.028,0
8,8,2,4.754887502,0.5,2.377443751,0.132080208,0.001584963,0
13,13,38.05374781,86.03910002,0.545454545,46.93041819,2.607245455,0.0286797,0
8,8,2,9.509775004,1,9.509775004,0.528320834,0.003169925,0
12,12,40.05374781,88.81055324,1.454545455,129.1789865,7.176610362,0.029603518,0
12,12,40.05374781,88.81055324,1.454545455,129.1789865,7.176610362,0.029603518,0
8,8,21.65148445,38.03910002,1.142857143,43.47325716,2.415180953,0.0126797,0
7,7,40.05374781,66.60791493,1.090909091,72.66317992,4.036843329,0.022202638,0
13,13,28.7548875,48.43204266,1.6875,81.72907199,4.540503999,0.016144014,0
26,24,68.7548875,127.4378254,1.875,238.9459226,13.27477348,0.042479275,0
9,9,21.65148445,57.05865003,1.571428571,89.6635929,4.981310717,0.01901955,0
9,9,13.60964047,39.30296891,1.8,70.74534404,3.930296891,0.01310099,0
19,19,60.60335893,159.4110508,1.733333333,276.3124881,15.35069378,0.053137017,0
19,19,72,203.1306205,3.75,761.7398267,42.31887926,0.067710207,0
21,21,79.81353753,224.0081886,2.833333333,634.6898676,35.2605482,0.074669396,0
24,26,100.2386659,250.7682342,3.428571429,859.7768031,47.76537795,0.083589411,0
22,22,16.36452798,24,1.5,36,2,0.008,0
24,24,100.2386659,236.8366657,3.238095238,766.8996793,42.60553774,0.078945555,0
8,8,21.65148445,38.03910002,1.142857143,43.47325716,2.415180953,0.0126797,0
8,8,13.60964047,42.11032383,2,84.22064766,4.67892487,0.014036775,0
23,23,17.509775,129,4.666666667,602,33.44444444,0.043,0
13,13,21.65148445,38.03910002,1.142857143,43.47325716,2.415180953,0.0126797,0
14,14,21.65148445,38.03910002,1.142857143,43.47325716,2.415180953,0.0126797,0
15,15,46.05374781,101.5791555,3.090909091,313.9719351,17.44288529,0.033859718,0
8,8,21.65148445,38.03910002,1.142857143,43.47325716,2.415180953,0.0126797,0
8,8,0,2,0.5,1,0.055555556,0.000666667,0
13,13,38.05374781,86.03910002,0.545454545,46.93041819,2.607245455,0.0286797,0
5,5,6.754887502,13.93156857,1.333333333,18.57542476,1.031968042,0.004643856,0
19,30,2,4.754887502,0.5,2.377443751,0.132080208,0.001584963,0
36,30,10,15.509775,1,15.509775,0.861654167,0.005169925,0
20,17,2,4.754887502,0.5,2.377443751,0.132080208,0.001584963,0
19,17,37.97416845,62.90747521,1.65,103.7973341,5.766518561,0.020969158,0
15,16,12.7548875,22.45883938,1.875,42.11032383,2.339462435,0.00748628,0
14,13,17.509775,36,1.333333333,48,2.666666667,0.012,0
8,14,2,4.754887502,0.5,2.377443751,0.132080208,0.001584963,0
8,7,0,2,0.5,1,0.055555556,0.000666667,0
61,59,94.71013448,143.9595419,3.888888889,559.8426629,31.10237016,0.047986514,0
23,23,116.2386659,155.4553918,4,621.8215674,34.54564263,0.051818464,0
11,10,6.754887502,11.60964047,1,11.60964047,0.644980026,0.00386988,0
31,33,148.0928478,241.0763018,6.875,1657.399575,92.07775416,0.080358767,0
25,26,98.01619331,169.2158299,5.823529412,985.4333621,54.74629789,0.056405277,0
39,38,66.60335893,110.4461153,2.133333333,235.6183794,13.08990997,0.036815372,0
25,23,32,43.01955001,2,86.03910002,4.779950001,0.01433985,0
46,49,47.77443751,74.23092132,1.5,111.346382,6.18591011,0.02474364,0
20,19,27.65148445,38.05374781,2,76.10749561,4.228194201,0.012684583,0
12,13,35.60964047,55.50659577,3.125,173.4581118,9.636561766,0.018502199,0
11,10,6.754887502,20.89735285,2,41.79470571,2.321928095,0.006965784,0
8,9,2,4.754887502,0.5,2.377443751,0.132080208,0.001584963,0
30,28,24.40637196,36.54120904,1.5,54.81181357,3.045100754,0.012180403,0
13,13,0,2,0.5,1,0.055555556,0.000666667,0
23,23,2,4.754887502,0.5,2.377443751,0.132080208,0.001584963,0
28,28,2,4.754887502,0.5,2.377443751,0.132080208,0.001584963,0
35,36,124.2114327,187.486842,1,187.486842,10.41593566,0.062495614,0
3,3,2,4.754887502,0.5,2.377443751,0.132080208,0.001584963,0
3,3,2,4.754887502,0.5,2.377443751,0.132080208,0.001584963,0
