lloc,scloc,calculated_length,volume,difficulty,effort,time,bugs,Target
0.183238636,0.182312925,0.051889957,0.043229576,0.204618117,0.018186163,0.018186163,0.043229576,1
0.088068182,0.088435374,0.042500428,0.038366454,0.318700837,0.024064264,0.024064264,0.038366454,1
0.066761364,0.06122449,0.038566063,0.037461929,0.244194461,0.018453417,0.018453417,0.037461928,1
0.029829545,0.058503401,0.001238756,0.001300827,0.009473061,9.29E-05,9.29E-05,0.001300827,1
0.178977273,0.159183673,0.138974716,0.141113982,0.582967187,0.155200948,0.155200948,0.141113982,1
0.080965909,0.07755102,0.00917542,0.010932037,0.062522202,0.001814498,0.001814498,0.010932037,1
0.078125,0.07755102,0.006773588,0.004925341,0.028419183,0.000515994,0.000515994,0.00492534,1
0.055397727,0.06122449,0.002084181,0.001552091,0,7.92E-05,7.92E-05,0.001552091,1
0.115056818,0.144217687,0.037152074,0.050472104,0.182694748,0.019219719,0.019219719,0.050472104,1
0.102272727,0.097959184,0.028583797,0.03870715,0.236395931,0.018517303,0.018517303,0.03870715,1
0.072443182,0.055782313,0.024355445,0.030548198,0.399540278,0.023663197,0.023663197,0.030548198,1
0.076704545,0.073469388,0.006358412,0.007518094,0.093377315,0.001687953,0.001687953,0.007518094,1
0.058238636,0.074829932,0.016673448,0.022071586,0.021314387,0.00198115,0.00198115,0.022071586,1
0.038352273,0.074829932,0.032329922,0.039552023,0.162557726,0.013640181,0.013640181,0.039552023,1
0.066761364,0.068027211,0.005119656,0.004422813,0.004059883,0.000259854,0.000259854,0.004422813,1
0.068181818,0.058503401,0.009516716,0.011773918,0.173672785,0.004353971,0.004353971,0.011773918,1
0.039772727,0.076190476,0.00795358,0.010540131,0.066311427,0.001823988,0.001823988,0.010540131,1
0.122159091,0.146938776,0.018623947,0.022948281,0.065196949,0.003888321,0.003888321,0.022948281,1
0.184659091,0.189115646,0.017912204,0.042841236,0.248667851,0.021433071,0.021433071,0.042841235,1
0.053977273,0.055782313,0.029149916,0.01975116,0.170515098,0.007135492,0.007135492,0.01975116,1
0.061079545,0.06122449,0.020714096,0.018302878,0.195381883,0.007447037,0.007447037,0.018302878,1
0.129261364,0.12244898,0.04413534,0.037286399,0.280271942,0.020799983,0.020799983,0.037286399,1
0.065340909,0.074829932,0.116777103,0.158225607,0.231756436,0.074032901,0.074032901,0.158225607,1
0.069602273,0.069387755,0.026559849,0.020529002,0.159147425,0.006988985,0.006988985,0.020529002,1
0.086647727,0.073469388,0.033270315,0.027825113,0.136412078,0.008299844,0.008299844,0.027825113,1
0.073863636,0.063945578,0.037678276,0.036800137,0.329662522,0.023817427,0.023817427,0.036800137,1
0.086647727,0.082993197,0.063812159,0.052048356,0.130199513,0.014886253,0.014886253,0.052048356,1
0.112215909,0.11292517,0.064122127,0.049405461,0.184724689,0.018996391,0.018996391,0.049405461,1
0.082386364,0.088435374,0.060250879,0.047162161,0.124073994,0.012972831,0.012972832,0.047162161,1
0.086647727,0.099319728,0.040743453,0.032434164,0.165615239,0.011378644,0.011378644,0.032434163,1
0.139204545,0.157823129,0.150232659,0.140425253,0.262381759,0.073453445,0.073453445,0.140425253,1
0.088068182,0.081632653,0.034863418,0.041629439,0.206585599,0.017664543,0.017664544,0.041629438,1
0.120738636,0.102040816,0.08984471,0.068940981,0.181172291,0.026032221,0.026032221,0.068940981,1
0.315340909,0.280272109,0.265003076,0.266797692,0.509873576,0.258135259,0.258135259,0.266797692,1
0.164772727,0.170068027,0.105458135,0.1688296,0.720729115,0.227460264,0.227460264,0.1688296,1
0.700284091,0.589115646,0.534469301,0.676653027,0.79425339,1,1,0.676653027,1
0.183238636,0.167346939,0.210693501,0.186996368,0.342287681,0.124642777,0.124642777,0.186996368,1
0.066761364,0.058503401,0.027054834,0.024809124,0.147509092,0.007906691,0.007906691,0.024809124,1
0.119318182,0.107482993,0.109415136,0.09909219,0.28637792,0.056150288,0.056150288,0.09909219,1
0.061079545,0.054421769,0.043470338,0.034300494,0.197039668,0.013979215,0.013979215,0.034300494,1
0.201704545,0.127891156,0.30247161,0.349494297,0.4024523,0.270604788,0.270604788,0.349494297,1
0.065340909,0.070748299,0.041320436,0.030003146,0.207054047,0.012783593,0.012783593,0.030003146,1
0.447443182,0.412244898,0.512791693,0.472571294,0.31983228,0.295682473,0.295682474,0.472571294,1
0.092329545,0.088435374,0.098585264,0.100307816,0.289875666,0.057469152,0.057469152,0.100307816,1
0.157670455,0.14829932,0.224325546,0.198246101,0.174242204,0.072228929,0.072228929,0.198246101,1
0.177556818,0.176870748,0.033923025,0.029101717,0.107118459,0.00713316,0.00713316,0.029101717,1
0.191761364,0.123809524,0.108235145,0.122128617,0.314359885,0.07532257,0.07532257,0.122128617,1
0.208806818,0.194557823,0.079221083,0.087741324,0.523033899,0.087132102,0.087132102,0.087741324,1
0.217329545,0.205442177,0.204881184,0.163260879,0.213143872,0.070919985,0.070919985,0.163260879,1
0.0625,0.059863946,0.075715837,0.062912466,0.166455214,0.022093708,0.022093708,0.062912466,1
0.133522727,0.118367347,0.072054164,0.062328538,0.171119761,0.02241363,0.02241363,0.062328538,1
0.090909091,0.084353741,0.034863418,0.030673696,0.141002869,0.009398028,0.009398028,0.030673696,1
0.095170455,0.092517007,0.052543716,0.062235485,0.650890964,0.076223348,0.076223348,0.062235484,1
0.132102273,0.130612245,0.088785114,0.095315382,0.645115453,0.115585302,0.115585302,0.095315382,1
0.106534091,0.106122449,0.085281416,0.101978876,0.486469543,0.094518086,0.094518086,0.101978876,1
0.096590909,0.096598639,0.019698022,0.019166234,0.1669627,0.00680261,0.00680261,0.019166234,1
0.063920455,0.06122449,0.024355445,0.022695086,0.292550413,0.013217694,0.013217694,0.022695085,1
0.123579545,0.115646259,0.102953764,0.139392369,0.679170304,0.177436706,0.177436706,0.139392369,1
0.072443182,0.069387755,0.037678276,0.056653871,0.544511545,0.058542166,0.058542166,0.056653871,1
0.015625,0.014965986,0.005279403,0.003451007,0.056838366,0.000554908,0.000554908,0.003451007,1
0.106534091,0.102040816,0.04535718,0.063681019,0.559563913,0.067500326,0.067500326,0.063681019,1
0.059659091,0.054421769,0.082373065,0.091546738,0.571936057,0.098962612,0.098962612,0.091546738,1
0.059659091,0.054421769,0.071535098,0.075697403,0.552144126,0.079176005,0.079176005,0.075697403,1
0.056818182,0.054421769,0.013771384,0.013788771,0.089629731,0.002964905,0.002964905,0.013788771,1
0.059659091,0.058503401,0.0261466,0.019917556,0.191455548,0.007953693,0.007953693,0.019917556,1
0.076704545,0.091156463,0.07827047,0.072436717,0.502072232,0.069239935,0.069239935,0.072436718,1
0.079545455,0.093877551,0.028771745,0.01975116,0.210301954,0.008565245,0.008565245,0.01975116,1
0.132102273,0.149659864,0.230637602,0.347188464,0.731852678,0.474343696,0.474343696,0.347188464,1
0.038352273,0.069387755,0.005279403,0.004275712,0.071047957,0.000796913,0.000796913,0.004275712,1
0.072443182,0.069387755,0.028583797,0.029429217,0.178265784,0.011006069,0.011006069,0.029429217,1
0.059659091,0.053061224,0.008671291,0.008133986,0.085257549,0.001700262,0.001700262,0.008133986,1
0.072443182,0.099319728,0.04413534,0.035921069,0.271452196,0.019470097,0.019470097,0.035921069,1
0.068181818,0.06122449,0.054202835,0.060104951,0.380817052,0.044348189,0.044348189,0.060104951,1
0.119318182,0.117006803,0.049620444,0.052706139,0.309166263,0.032095899,0.032095899,0.052706139,1
0.120738636,0.145578231,0.170430023,0.240800298,0.576848947,0.261997747,0.261997747,0.240800298,1
0.071022727,0.068027211,0.044603224,0.044795712,0.297454115,0.026352829,0.026352829,0.044795712,1
0.048295455,0.05170068,0.019308149,0.014595317,0.153463588,0.00483876,0.00483876,0.014595317,1
0.025568182,0.066666667,0.005119656,0.006764303,0.020299416,0.000601268,0.000601268,0.006764303,1
0.085227273,0.092517007,0.005640702,0.032728038,0.304491246,0.019707854,0.019707854,0.032728038,1
0.099431818,0.100680272,0.111003342,0.11686253,0.25662098,0.059937234,0.059937234,0.11686253,1
0.048295455,0.05170068,0.018292075,0.022228165,0.217880403,0.00993314,0.00993314,0.022228165,1
0.056818182,0.059863946,0.040743453,0.046446019,0.242053041,0.022671934,0.022671934,0.046446019,1
0.095170455,0.100680272,0.085879239,0.072546425,0.315890149,0.045002552,0.045002552,0.072546425,1
0.063920455,0.057142857,0.015970811,0.019267505,0.166455214,0.006820345,0.006820345,0.019267505,1
0.082386364,0.070748299,0.083431475,0.118548768,0.596802842,0.133378524,0.133378524,0.118548768,1
0.046875,0.054421769,0.042391329,0.04210847,0.210301954,0.018149453,0.018149453,0.04210847,1
0.208806818,0.191836735,0.036498284,0.03517402,0.298969805,0.020818786,0.020818786,0.03517402,1
0.065340909,0.104761905,0.054575467,0.04617553,0.415953496,0.037041574,0.037041574,0.04617553,1
0.136363636,0.210884354,0.101398502,0.147418376,0.962192337,0.262690634,0.262690634,0.147418376,1
0.051136364,0.06122449,0.040878941,0.041435952,0.341030195,0.027649535,0.027649535,0.041435952,1
0.068181818,0.066666667,0.068916333,0.072014884,0.447940455,0.061812435,0.061812435,0.072014884,1
0.068181818,0.068027211,0.074297703,0.088881361,0.513439905,0.08672528,0.08672528,0.08888136,1
0.056818182,0.088435374,0.03012985,0.026004699,0.126032898,0.007271474,0.007271474,0.026004699,1
0.132102273,0.133333333,0.137812933,0.161431225,0.768086025,0.231257779,0.231257779,0.161431225,1
0.112215909,0.111564626,0.126480659,0.158152554,0.775555384,0.228693024,0.228693024,0.158152554,1
0.127840909,0.134693878,0.247903684,0.310819321,0.748521,0.434001709,0.434001709,0.310819321,1
0.065340909,0.081632653,0.095271566,0.096798338,0.360474899,0.067768148,0.067768148,0.096798338,1
0.154829545,0.115646259,0.342514314,0.470477675,0.426944835,0.384918346,0.384918346,0.470477675,1
0.099431818,0.097959184,0.068833984,0.050163795,0.204101405,0.021041184,0.021041184,0.050163795,1
0.056818182,0.053061224,0.01423214,0.011437419,0.137359384,0.003469056,0.003469056,0.011437419,1
0.092329545,0.084353741,0.024051518,0.018825419,0.128634197,0.005369402,0.005369402,0.018825419,1
0.065340909,0.053061224,0.007432535,0.007518094,0.009473061,0.000515994,0.000515994,0.007518094,1
0.063920455,0.058503401,0,0.000780496,0.085257549,0.000199158,0.000199158,0.000780496,1
0.061079545,0.070748299,0.06186761,0.052326968,0.35823128,0.036499411,0.036499411,0.052326968,1
0.106534091,0.127891156,0.117816926,0.119806402,0.556327036,0.126063555,0.126063555,0.119806402,1
0.082386364,0.08707483,0.062037802,0.05773913,0.592742959,0.064682132,0.064682132,0.05773913,1
0.083806818,0.078911565,0.070013976,0.063073641,0.29710964,0.037009655,0.037009655,0.063073641,1
0.092329545,0.081632653,0.076468071,0.078990147,0.577426126,0.086206819,0.086206819,0.078990147,1
0.058238636,0.065306122,0.200589287,0.185069644,0.254739222,0.094223517,0.094223517,0.185069644,1
0.09375,0.088435374,0.092976033,0.099954712,0.602164952,0.113467162,0.113467162,0.099954712,1
0.069602273,0.058503401,0.051597483,0.059738224,0.508880995,0.057876562,0.057876562,0.059738224,1
0.109375,0.108843537,0.087404243,0.094960403,0.616127886,0.110199305,0.110199305,0.094960403,1
0.106534091,0.110204082,0.087138727,0.080604096,0.386391584,0.060222208,0.060222208,0.080604096,1
0.0625,0.058503401,0.027279487,0.026955102,0.318593998,0.016945883,0.016945883,0.026955102,1
0.085227273,0.080272109,0.025327823,0.02542057,0.451154529,0.022102826,0.022102826,0.02542057,1
0.117897727,0.111564626,0.090635055,0.102741384,0.682060391,0.131400568,0.131400568,0.102741384,1
0.086647727,0.092517007,0.049235433,0.053751288,0.59582287,0.060532611,0.060532611,0.053751288,1
0.100852273,0.097959184,0.049116156,0.048524589,0.331261101,0.031496587,0.031496587,0.048524589,1
0.100852273,0.097959184,0.041320436,0.048833651,0.336970312,0.032199533,0.032199533,0.04883365,1
0.068181818,0.074829932,0.054978321,0.069620312,0.218378985,0.030956891,0.030956891,0.069620312,1
0.130681818,0.129251701,0.066435005,0.0735283,0.373509262,0.053244494,0.053244494,0.0735283,1
0.069602273,0.07755102,0.06375527,0.060984261,0.622853759,0.071613494,0.071613494,0.06098426,1
0.072443182,0.070748299,0.076108455,0.078650701,0.447293227,0.067397148,0.067397148,0.078650701,1
0.063920455,0.080272109,0.03732205,0.036138346,0.386027235,0.027076023,0.027076023,0.036138346,1
0.072443182,0.100680272,0.066666874,0.061286728,0.431971581,0.050870402,0.050870402,0.061286728,1
0.072443182,0.070748299,0.051597483,0.039268185,0.3330373,0.025643995,0.025643995,0.039268185,1
0.090909091,0.107482993,0.051597483,0.047738546,0.411190053,0.037878254,0.037878254,0.047738546,1
0.15625,0.155102041,0.143626555,0.183476286,0.666591721,0.229301854,0.229301854,0.183476285,1
0.140625,0.141496599,0.119197797,0.10942561,0.539964476,0.11194022,0.11194022,0.10942561,1
0.103693182,0.108843537,0.087900181,0.077789481,0.449691777,0.066997616,0.066997616,0.077789481,1
0.160511364,0.163265306,0.146318254,0.152362198,0.505229919,0.146244755,0.146244755,0.152362198,1
0.136363636,0.13877551,0.182051886,0.246799748,0.788998553,0.362640422,0.362640422,0.246799748,1
0.076704545,0.074829932,0.084657399,0.097718631,0.384752015,0.072682286,0.072682286,0.097718631,1
0.09375,0.088435374,0.101294235,0.157073331,0.395118318,0.119649433,0.119649433,0.157073331,1
0.113636364,0.117006803,0.088432431,0.108228843,0.574941932,0.117532985,0.117532985,0.108228843,1
0.083806818,0.082993197,0.030940806,0.032931528,0.514536786,0.032349053,0.032349053,0.032931527,1
0.061079545,0.104761905,0.029149916,0.022877929,0.198934281,0.00943331,0.00943331,0.022877929,1
0.217329545,0.231292517,0.270670923,0.281434326,0.705046494,0.371012361,0.371012361,0.281434326,1
0.099431818,0.103401361,0.063478848,0.049405461,0.210024693,0.021252823,0.021252823,0.049405461,1
0.071022727,0.068027211,0.08657512,0.111705734,0.613520009,0.12905676,0.12905676,0.111705734,1
0.068181818,0.074829932,0.021127476,0.017722783,0.138752481,0.005385176,0.005385176,0.017722782,1
0.086647727,0.082993197,0.061423245,0.068395259,0.533819788,0.069304012,0.069304012,0.068395259,1
0.265625,0.26122449,0.226851445,0.310864033,0.741066321,0.429899153,0.429899153,0.310864032,1
0.107954545,0.127891156,0.123165701,0.131692648,0.348134991,0.089212818,0.089212818,0.131692647,1
0.052556818,0.058503401,0.035365397,0.033561348,0.242131439,0.016418606,0.016418606,0.033561348,1
0.083806818,0.084353741,0.084207818,0.066350119,0.401348461,0.051393547,0.051393547,0.066350119,1
0.041193182,0.048979592,0.027638858,0.022625401,0.210301954,0.009797385,0.009797385,0.022625401,1
0.0625,0.062585034,0.070013976,0.06903447,0.331987728,0.044834249,0.044834249,0.06903447,1
0.106534091,0.099319728,0.064113683,0.059207467,0.3339254,0.038681129,0.038681129,0.059207466,1
0.09375,0.095238095,0.096228536,0.098271923,0.618906651,0.11452388,0.11452388,0.098271924,1
0.079545455,0.089795918,0.179637019,0.219845831,0.445233866,0.187200576,0.187200576,0.219845831,1
0.071022727,0.081632653,0.179340032,0.216777326,0.344440497,0.145306912,0.145306912,0.216777326,1
0.055397727,0.059863946,0.102427122,0.124918125,0.352947917,0.085713798,0.085713798,0.124918125,1
0.061079545,0.066666667,0.134914781,0.174514037,0.581845377,0.19151868,0.19151868,0.174514037,1
0.055397727,0.058503401,0.076055086,0.078990147,0.655623941,0.097335441,0.097335441,0.078990147,1
0.075284091,0.074829932,0.123986587,0.135279255,0.743140426,0.187780362,0.187780362,0.135279255,1
0.09375,0.092517007,0.084725179,0.096557108,0.530870337,0.097224562,0.097224562,0.096557108,1
0.107954545,0.111564626,0.081048004,0.129596821,0.76731794,0.185545161,0.185545161,0.129596821,1
0.078125,0.074829932,0.071995151,0.071937127,0.479160643,0.065793562,0.065793562,0.071937127,1
0.215909091,0.206802721,0.184245525,0.274391728,1,0.507209252,0.507209252,0.274391728,1
0.0625,0.058503401,0.106293233,0.153036582,0.419182948,0.123203787,0.123203787,0.153036582,1
0.088068182,0.070748299,0.058870053,0.087891686,0.586049638,0.097256306,0.097256306,0.087891685,1
0.061079545,0.063945578,0.027279487,0.027573631,0.306628027,0.016733229,0.016733229,0.027573631,1
0.09375,0.081632653,0.068833984,0.067960488,0.291942516,0.03923334,0.03923334,0.067960488,1
0.075284091,0.082993197,0.051512343,0.040858413,0.125518058,0.011353244,0.011353244,0.040858413,1
0.085227273,0.084353741,0.070375157,0.063664521,0.624493328,0.074936331,0.074936331,0.063664521,1
0.0625,0.053061224,0.017460109,0.02054154,0.407341622,0.016264417,0.016264417,0.02054154,1
0.095170455,0.096598639,0.042955349,0.037688794,0.253812703,0.01921993,0.01921993,0.037688793,1
0.085227273,0.096598639,0.067656845,0.059062142,0.33020384,0.038190119,0.038190119,0.059062142,1
0.120738636,0.136054422,0.066435005,0.065411568,0.330880487,0.042358928,0.042358928,0.065411568,1
0.073863636,0.085714286,0.022143549,0.017392955,0.172186814,0.00634605,0.00634605,0.017392955,1
0.011363636,0.014965986,0.000521045,0.000358363,0,1.83E-05,1.83E-05,0.000358363,1
0.126420455,0.12244898,0.11144208,0.116313547,0.611012433,0.133843543,0.133843543,0.116313547,1
0.234375,0.238095238,0.306814502,0.385793242,0.713432216,0.51427909,0.51427909,0.385793242,1
0.248579545,0.244897959,0.300900499,0.406510748,0.707114144,0.537263434,0.537263434,0.406510748,1
0.254261364,0.258503401,0.166101348,0.211541449,0.687744227,0.272374217,0.272374217,0.211541449,1
0.061079545,0.074829932,0.035879491,0.036163003,0.207678645,0.015429147,0.015429147,0.036163002,1
0.092329545,0.104761905,0.159403584,0.156343483,0.236097828,0.074374443,0.074374443,0.156343482,1
0.080965909,0.078911565,0.025269016,0.020614692,0.064958132,0.003487066,0.003487066,0.020614692,1
0.099431818,0.072108844,1,1,0.197239559,0.405318735,0.405318735,1,1
0.065340909,0.103401361,0.051454434,0.045431041,0.072968172,0.008305552,0.008305552,0.045431041,1
0.068181818,0.053061224,0.017351682,0.022948281,0.161042037,0.007882814,0.007882814,0.022948281,1
0.004261364,0.262585034,0.007203837,0.011890168,0.263892413,0.006364657,0.006364657,0.011890168,1
0.019886364,0.08707483,0.218952731,0.308729595,0.213143872,0.134022387,0.134022387,0.308729595,1
0.065340909,0.065306122,0.01423214,0.073647299,0.824156306,0.113139943,0.113139943,0.073647299,1
0.053977273,0.053061224,0.011998044,0.021085035,0.219602777,0.009493562,0.009493562,0.021085034,1
0.052556818,0.054421769,0.194448581,0.236147655,0.438084386,0.198031128,0.198031129,0.236147655,1
0.078125,0.066666667,0.155187682,0.213994276,0.629848404,0.253253412,0.253253412,0.213994276,1
0.058238636,0.053061224,0.04413534,0.038651729,0.306731181,0.023405695,0.023405695,0.038651729,1
0.061079545,0.069387755,0.062891843,0.066934506,0.361634103,0.047052425,0.047052425,0.066934506,1
0.063920455,0.065306122,0.169810704,0.23719478,0.348727057,0.160805505,0.160805505,0.237194779,1
0.055397727,0.058503401,0.130748756,0.124132227,0.153755067,0.040680367,0.040680367,0.124132227,1
0.147727273,0.144217687,0.095372255,0.097932194,0.515678992,0.095926948,0.095926948,0.097932194,1
0.075284091,0.072108844,0.023800492,0.036589053,0.864755138,0.059089826,0.059089826,0.036589053,1
0.059659091,0.059863946,0.04535718,0.046492529,0.412568139,0.037010312,0.037010312,0.046492529,1
0.036931818,0.159183673,0.153174258,0.224836504,0.25257948,0.113571228,0.113571228,0.224836504,1
0.058238636,0.063945578,0.034863418,0.038407161,0.184724689,0.014786759,0.014786759,0.038407161,1
0.007102273,0.058503401,0.005119656,0.006764303,0.008119767,0.000447632,0.000447632,0.006764303,1
0.056818182,0.057142857,0.000521045,0.00056454,0,2.88E-05,2.88E-05,0.000564539,1
0.058238636,0.06122449,0.000521045,0.00056454,0,2.88E-05,2.88E-05,0.000564539,1
0.096590909,0.115646259,0.002084181,0.002156177,0,0.000110038,0.000110038,0.002156176,1
0.009943182,0.093877551,0.003322937,0.008504357,0.57785672,0.009528831,0.009528831,0.008504357,1
0.072443182,0.069387755,0.01029319,0.009645258,0.248667851,0.004915453,0.004915453,0.009645258,1
0.052556818,0.08707483,0.006773588,0.004925341,0.028419183,0.000515994,0.000515994,0.00492534,1
0.066761364,0.063945578,0.006252543,0.004688065,0,0.000239249,0.000239249,0.004688065,1
0.09375,0.089795918,0.040743453,0.059790643,0.318490843,0.037396186,0.037396186,0.059790643,1
0.069602273,0.066666667,0.021638658,0.032805255,0.211565029,0.014236317,0.014236317,0.032805255,1
0.069602273,0.06122449,0.032329922,0.047135297,0.198934281,0.019336863,0.019336863,0.047135297,1
0.049715909,0.054421769,0.017912204,0.013554386,0.056838366,0.002101747,0.002101747,0.013554386,1
0.026988636,0.024489796,0.000521045,0.000358363,0,1.83E-05,1.83E-05,0.000358363,0
0.018465909,0.019047619,0.003545619,0.002661342,0.028419183,0.000284914,0.000284914,0.002661342,0
0.009943182,0.024489796,0.000521045,0.000358363,0,1.83E-05,1.83E-05,0.000358363,0
0.021306818,0.020408163,0.012938437,0.009105792,0.113676732,0.002376622,0.002376622,0.009105792,0
0.005681818,0.00952381,0.000521045,0.000358363,0,1.83E-05,1.83E-05,0.000358363,0
0.025568182,0.024489796,0.007203837,0.00649002,0.133976148,0.001955221,0.001955221,0.00649002,0
0.005681818,0.006802721,0.000521045,0.000358363,0,1.83E-05,1.83E-05,0.000358363,0
0.007102273,0.006802721,0.000521045,0.000358363,0,1.83E-05,1.83E-05,0.000358363,0
0.005681818,0.005442177,0.001759801,0.001552091,0.047365305,0.000233353,0.000233353,0.001552091,0
0.009943182,0.00952381,0.001759801,0.001552091,0.047365305,0.000233353,0.000233353,0.001552091,0
0.005681818,0.004081633,0.002605226,0.001757389,0.028419183,0.000192649,0.000192649,0.001757388,0
0.028409091,0.027210884,0.000521045,0.000358363,0,1.83E-05,1.83E-05,0.000358363,0
0.004261364,0.004081633,0.001759801,0.001250048,0.028419183,0.000140866,0.000140866,0.001250048,0
0.007102273,0.006802721,0.000521045,0.000358363,0,1.83E-05,1.83E-05,0.000358363,0
0.017045455,0.017687075,0.008671291,0.007667644,0.075784488,0.001470204,0.001470204,0.007667644,0
0.032670455,0.031292517,0.013771384,0.013788771,0.089629731,0.002964905,0.002964905,0.013788771,0
0.015625,0.016326531,0.013291747,0.010146454,0.09473061,0.002288107,0.002288107,0.010146454,0
0.005681818,0.005442177,0.000521045,0.000358363,0,1.83E-05,1.83E-05,0.000358363,0
0.008522727,0.006802721,0.000521045,0.000358363,0,1.83E-05,1.83E-05,0.000358363,0
0.004261364,0.002721088,0.000521045,0.000358363,0,1.83E-05,1.83E-05,0.000358363,0
0.007102273,0.005442177,0.000521045,0.000358363,0,1.83E-05,1.83E-05,0.000358363,0
0.008522727,0.008163265,0.001759801,0.001250048,0.028419183,0.000140866,0.000140866,0.001250048,0
0.001420455,0,0.000521045,0.000358363,0,1.83E-05,1.83E-05,0.000358363,0
0.001420455,0.001360544,0.000521045,0.000358363,0,1.83E-05,1.83E-05,0.000358363,0
0.001420455,0.001360544,0.000521045,0.000358363,0,1.83E-05,1.83E-05,0.000358363,0
0.001420455,0.001360544,0.000521045,0.000358363,0,1.83E-05,1.83E-05,0.000358363,0
0.001420455,0.002721088,0.000521045,0.000358363,0,1.83E-05,1.83E-05,0.000358363,0
0.001420455,0.001360544,0.000521045,0.000358363,0,1.83E-05,1.83E-05,0.000358363,0
0.001420455,0.001360544,0.000521045,0.000358363,0,1.83E-05,1.83E-05,0.000358363,0
0.001420455,0.001360544,0.000521045,0.000358363,0,1.83E-05,1.83E-05,0.000358363,0
0.001420455,0.001360544,0.000521045,0.000358363,0,1.83E-05,1.83E-05,0.000358363,0
0.001420455,0.001360544,0.000521045,0.000358363,0,1.83E-05,1.83E-05,0.000358363,0
0.007102273,0.008163265,0.000521045,0.000358363,0,1.83E-05,1.83E-05,0.000358363,0
0.004261364,0.002721088,0.000521045,0.000358363,0,1.83E-05,1.83E-05,0.000358363,0
0.004261364,0.002721088,0.000521045,0.000358363,0,1.83E-05,1.83E-05,0.000358363,0
0.028409091,0.02585034,0.022925991,0.025982513,0.38365897,0.01940602,0.01940602,0.025982513,0
0.007102273,0.008163265,0.000521045,0.000358363,0,1.83E-05,1.83E-05,0.000358363,0
0.052556818,0.050340136,0.00426333,0.00286182,0.056838366,0.000464703,0.000464703,0.00286182,0
0.029829545,0.032653061,0.023111125,0.024454203,0.139104422,0.007421557,0.007421557,0.024454203,0
0.001420455,0.001360544,0.000521045,0.000358363,0,1.83E-05,1.83E-05,0.000358363,0
0.015625,0.013605442,0.002084181,0.001552091,0,7.92E-05,7.92E-05,0.001552091,0
0.011363636,0.008163265,0.000521045,0.000358363,0,1.83E-05,1.83E-05,0.000358363,0
0.017045455,0.013605442,0.002605226,0.001757389,0.028419183,0.000192649,0.000192649,0.001757388,0
0.014204545,0.013605442,0,0,0,0,0,0,0
0.039772727,0.038095238,0.050337995,0.037617997,0.282415631,0.021129611,0.021129611,0.037617997,0
0.045454545,0.043537415,0.018292075,0.018854915,0.179988159,0.007140492,0.007140492,0.018854915,0
0.009943182,0.013605442,0.001759801,0.001250048,0.028419183,0.000140866,0.000140866,0.001250048,0
0.007102273,0.006802721,0.000521045,0.000358363,0,1.83E-05,1.83E-05,0.000358363,0
0.028409091,0.03537415,0.016573275,0.013001804,0.181445553,0.004984688,0.004984688,0.013001804,0
0.039772727,0.042176871,0.010457109,0.007168902,0.113676732,0.001882388,0.001882388,0.007168902,0
0.012784091,0.010884354,0.003322937,0.002661342,0.078152753,0.000545831,0.000545831,0.002661342,0
0.011363636,0.00952381,0.000521045,0.000358363,0,1.83E-05,1.83E-05,0.000358363,0
0.017045455,0.016326531,0.006124828,0.00406109,0.085257549,0.000868842,0.000868842,0.00406109,0
0.065340909,0.073469388,0.019308149,0.012881223,0.142095915,0.004010648,0.004010648,0.012881223,0
0.008522727,0.008163265,0.000521045,0.000358363,0,1.83E-05,1.83E-05,0.000358363,0
0.017045455,0.016326531,0.008336724,0.008133986,0.142095915,0.002557032,0.002557032,0.008133986,0
0.008522727,0.006802721,0.005279403,0.003451007,0.056838366,0.000554908,0.000554908,0.003451007,0
0.058238636,0.063945578,0.00989313,0.007441648,0.056838366,0.00116588,0.00116588,0.007441648,0
0.011363636,0.00952381,0.002605226,0.001757389,0.028419183,0.000192649,0.000192649,0.001757388,0
0.022727273,0.068027211,0.008336724,0.006268619,0.09946714,0.00148607,0.00148607,0.006268619,0
0.012784091,0.031292517,0.000521045,0.000358363,0,1.83E-05,1.83E-05,0.000358363,0
0.015625,0.021768707,0.007491299,0.006940032,0.078152753,0.001364671,0.001364671,0.006940032,0
0.038352273,0.03537415,0.017652284,0.014357249,0.231725646,0.006815321,0.006815321,0.014357249,0
0.028409091,0.029931973,0.00426333,0.00286182,0.056838366,0.000464703,0.000464703,0.00286182,0
0.046875,0.046258503,0.019698022,0.016880776,0.14920071,0.005454012,0.005454012,0.016880775,0
0.049715909,0.05170068,0.030678879,0.025649354,0.215727434,0.011346134,0.011346134,0.025649354,0
0.022727273,0.021768707,0.004561693,0.004422813,0.047365305,0.000624029,0.000624029,0.004422813,0
0.015625,0.014965986,0.004561693,0.003252069,0.028419183,0.000345208,0.000345208,0.003252068,0
0.022727273,0.076190476,0.000521045,0.001595421,0.056838366,0.000270815,0.000270815,0.001595421,0
0.032670455,0.031292517,0.027638858,0.023243929,0.220248668,0.010482363,0.010482363,0.023243929,0
0.004261364,0.004081633,0.000521045,0.000358363,0,1.83E-05,1.83E-05,0.000358363,0
0.009943182,0.00952381,0.00426333,0.00286182,0.056838366,0.000464703,0.000464703,0.00286182,0
0.018465909,0.019047619,0.007203837,0.00649002,0.133976148,0.001955221,0.001955221,0.00649002,0
0.034090909,0.03537415,0.010457109,0.011626343,0.224195777,0.005378838,0.005378838,0.011626342,0
0.009943182,0.00952381,0.000521045,0.000358363,0,1.83E-05,1.83E-05,0.000358363,0
0.011363636,0.010884354,0.008336724,0.008133986,0.142095915,0.002557032,0.002557032,0.008133986,0
0.046875,0.039455782,0.010738555,0.013112156,0.176198934,0.004900287,0.004900287,0.013112156,0
0.009943182,0.00952381,0.003545619,0.002661342,0.028419183,0.000284914,0.000284914,0.002661342,0
0.005681818,0.004081633,0.000521045,0.000358363,0,1.83E-05,1.83E-05,0.000358363,0
0.022727273,0.02585034,0.015970811,0.011673411,0.085257549,0.002422783,0.002422783,0.011673411,0
0.014204545,0.013605442,0.007491299,0.006940032,0.078152753,0.001364671,0.001364671,0.006940032,0
0.014204545,0.013605442,0.010738555,0.009149987,0.107992895,0.002291852,0.002291852,0.009149987,0
0.026988636,0.02585034,0.021638658,0.015402402,0.085257549,0.003184,0.003184,0.015402402,0
0.024147727,0.020408163,0,0.000780496,0.085257549,0.000199158,0.000199158,0.000780496,0
0.048295455,0.040816327,0.006358412,0.004493215,0.056838366,0.000714471,0.000714471,0.004493215,0
0.117897727,0.14829932,0.005279403,0.005100418,0.085257549,0.001081005,0.001081005,0.005100418,0
0.018465909,0.020408163,0.000521045,0.000358363,0,1.83E-05,1.83E-05,0.000358363,0
0.007102273,0.00952381,0.003545619,0.00302653,0.039786856,0.00038928,0.00038928,0.00302653,0
0.063920455,0.05170068,0.003545619,0.003391719,0.039786856,0.000434009,0.000434009,0.003391719,0
0.045454545,0.036734694,0.005279403,0.005100418,0.085257549,0.001081005,0.001081005,0.005100418,0
0.315340909,0.317006803,0.218201464,0.273351738,0.700757222,0.358259131,0.358259131,0.273351738,0
0.026988636,0.024489796,0,0,0,0,0,0,0
0.115056818,0.091156463,0.004561693,0.014179019,0.161042037,0.004899293,0.004899293,0.014179019,0
0.066761364,0.068027211,0.002605226,0.001757389,0.028419183,0.000192649,0.000192649,0.001757388,0
0.038352273,0.103401361,0.006358412,0.00881447,0.117736615,0.002368445,0.002368445,0.00881447,0
0.063920455,0.065306122,0.025067591,0.025111428,0.204917267,0.010617771,0.010617771,0.025111428,0
0.046875,0.046258503,0.01423214,0.013032544,0.14920071,0.004226577,0.004226577,0.013032544,0
0.015625,0.013605442,0.000521045,0.000358363,0,1.83E-05,1.83E-05,0.000358363,0
0.012784091,0.010884354,0.017927277,0.019417124,0.251712763,0.009885321,0.009885321,0.019417123,0
0.012784091,0.010884354,0.000521045,0.000358363,0,1.83E-05,1.83E-05,0.000358363,0
0.007102273,0.005442177,0.002605226,0.001757389,0.028419183,0.000192649,0.000192649,0.001757388,0
0.005681818,0.005442177,0,0,0,0,0,0,0
0.005681818,0.005442177,0,0,0,0,0,0,0
0.005681818,0.005442177,0,0,0,0,0,0,0
0.036931818,0.042176871,0.00795358,0.006040007,0.028419183,0.000629766,0.000629766,0.006040007,0
0.021306818,0.020408163,0.010457109,0.008159444,0.145253602,0.00261257,0.00261257,0.008159444,0
0.021306818,0.021768707,0.010457109,0.008159444,0.145253602,0.00261257,0.00261257,0.008159444,0
0.021306818,0.021768707,0.010457109,0.008159444,0.145253602,0.00261257,0.00261257,0.008159444,0
0.021306818,0.021768707,0.010457109,0.008159444,0.145253602,0.00261257,0.00261257,0.008159444,0
0.007102273,0.005442177,0,0,0,0,0,0,0
0.03125,0.024489796,0,0.001821158,0.198934281,0.000836465,0.000836465,0.001821158,0
0.03125,0.047619048,0,0.001300827,0.142095915,0.000464703,0.000464703,0.001300827,0
0.007102273,0.005442177,0,0,0,0,0,0,0
0.03125,0.027210884,0,0.001821158,0.198934281,0.000836465,0.000836465,0.001821158,0
0.03125,0.038095238,0,0.001300827,0.142095915,0.000464703,0.000464703,0.001300827,0
0.007102273,0.005442177,0,0,0,0,0,0,0
0.03125,0.027210884,0,0.001821158,0.198934281,0.000836465,0.000836465,0.001821158,0
0.03125,0.038095238,0,0.001300827,0.142095915,0.000464703,0.000464703,0.001300827,0
0.026988636,0.027210884,0.010457109,0.008159444,0.145253602,0.00261257,0.00261257,0.008159444,0
0.025568182,0.020408163,0,0.000520331,0.056838366,0.000106218,0.000106218,0.000520331,0
0.015625,0.028571429,0,0.001560993,0.170515098,0.000637306,0.000637306,0.001560993,0
0.051136364,0.06122449,0.003545619,0.005217661,0.062522202,0.000881295,0.000881295,0.005217661,0
0.03125,0.031292517,0.006773588,0.006221717,0.042628774,0.00081371,0.00081371,0.006221717,0
0.039772727,0.040816327,0.013053673,0.014986406,0.059024457,0.002380844,0.002380844,0.014986406,0
0.032670455,0.03537415,0.016506257,0.034998128,0.198934281,0.014381622,0.014381622,0.034998128,0
0.009943182,0.019047619,0.00795358,0.010090119,0.066311427,0.001747435,0.001747435,0.010090119,0
0.009943182,0.00952381,0.002084181,0.001552091,0,7.92E-05,7.92E-05,0.001552091,0
0.012784091,0.019047619,0.019341657,0.017730499,0.076898966,0.003389208,0.003389208,0.017730499,0
0.007102273,0.00952381,0.000521045,0.000358363,0,1.83E-05,1.83E-05,0.000358363,0
0.002840909,0.004081633,0.002605226,0.001757389,0.028419183,0.000192649,0.000192649,0.001757388,0
0.015625,0.019047619,0.002084181,0.001552091,0,7.92E-05,7.92E-05,0.001552091,0
0.014204545,0.00952381,0,0,0,0,0,0,0
0.039772727,0.034013605,0,0.000780496,0.085257549,0.000199158,0.000199158,0.000780496,0
0.025568182,0.028571429,0.007203837,0.00468997,0.085257549,0.000997218,0.000997218,0.00468997,0
0.009943182,0.014965986,0.001759801,0.001250048,0.028419183,0.000140866,0.000140866,0.001250048,0
0.028409091,0.02585034,0.001759801,0.001250048,0.028419183,0.000140866,0.000140866,0.001250048,0
0.005681818,0.010884354,0.001238756,0.001300827,0.009473061,9.29E-05,9.29E-05,0.001300827,0
0.018465909,0.028571429,0.003024574,0.003774943,0.01705151,0.000316205,0.000316205,0.003774943,0
0.03125,0.05170068,0.015788546,0.022071586,0.0776791,0.004241501,0.004241501,0.022071586,0
0.044034091,0.046258503,0.023111125,0.035634513,0.198934281,0.014641439,0.014641439,0.035634513,0
0.044034091,0.040816327,0,0.000520331,0.056838366,0.000106218,0.000106218,0.000520331,0
0.022727273,0.028571429,0.002605226,0.001757389,0.028419183,0.000192649,0.000192649,0.001757388,0
0.008522727,0.013605442,0.000521045,0.000358363,0,1.83E-05,1.83E-05,0.000358363,0
0.004261364,0.00952381,0,0.000520331,0.056838366,0.000106218,0.000106218,0.000520331,0
0.038352273,0.048979592,0.006773588,0.009246596,0.063943162,0.001563511,0.001563511,0.009246596,0
0.028409091,0.038095238,0.005279403,0.00881159,0.156305506,0.002995999,0.002995999,0.00881159,0
0.009943182,0.012244898,0.000521045,0.000358363,0,1.83E-05,1.83E-05,0.000358363,0
0.012784091,0.014965986,0.021127476,0.020623258,0.172186814,0.007509728,0.007509728,0.020623258,0
0.048295455,0.068027211,0.038092467,0.041735907,0.184724689,0.016060846,0.016060846,0.041735906,0
0.105113636,0.129251701,0.017351682,0.017975043,0.13830669,0.005446306,0.005446306,0.017975043,0
0.034090909,0.031292517,0.027279487,0.018295699,0.210900252,0.00796125,0.00796125,0.018295699,0
0.005681818,0.005442177,0.001238756,0.001300827,0.009473061,9.29E-05,9.29E-05,0.001300827,0
0.019886364,0.019047619,0.008654374,0.00649002,0,0.00033121,0.00033121,0.00649002,0
0.008522727,0.012244898,0.006358412,0.005789592,0.081197666,0.001177584,0.001177584,0.005789592,0
0.001420455,0.002721088,0.001759801,0.001250048,0.028419183,0.000140866,0.000140866,0.001250048,0
0.011363636,0.017687075,0.015557202,0.020352375,0.244842192,0.010101482,0.010101482,0.020352375,0
0.007102273,0.027210884,0.000521045,0.003038655,0.085257549,0.000660127,0.000660127,0.003038655,0
0.018465909,0.019047619,0.000521045,0.000358363,0,1.83E-05,1.83E-05,0.000358363,0
0.011363636,0.010884354,0.002605226,0.002093648,0.028419183,0.000226971,0.000226971,0.002093647,0
0.012784091,0.012244898,0.003545619,0.00302653,0.028419183,0.000322188,0.000322188,0.00302653,0
0.011363636,0.034013605,0.015970811,0.015470458,0.117736615,0.00411537,0.00411537,0.015470458,0
0.015625,0.016326531,0.000521045,0.000358363,0,1.83E-05,1.83E-05,0.000358363,0
0.042613636,0.036734694,0.006358412,0.011407224,0.178634864,0.004324859,0.004324859,0.011407223,0
0.001420455,0.001360544,0.002605226,0.001757389,0.028419183,0.000192649,0.000192649,0.001757388,0
0.001420455,0.002721088,0.000521045,0.000358363,0,1.83E-05,1.83E-05,0.000358363,0
0.002840909,0.002721088,0.002605226,0.002093648,0.028419183,0.000226971,0.000226971,0.002093647,0
0.045454545,0.042176871,0.018757629,0.021103749,0.127886323,0.005983265,0.005983265,0.021103749,0
0.001420455,0,0.000521045,0.000358363,0,1.83E-05,1.83E-05,0.000358363,0
0.007102273,0.005442177,0.000521045,0.000358363,0,1.83E-05,1.83E-05,0.000358363,0
0.026988636,0.024489796,0.002605226,0.001757389,0.028419183,0.000192649,0.000192649,0.001757388,0
0.032670455,0.02585034,0.013291747,0.009105792,0.085257549,0.001898642,0.001898642,0.009105792,0
0.012784091,0.02585034,0.003545619,0.00302653,0.039786856,0.00038928,0.00038928,0.00302653,0
0.004261364,0.004081633,0.000521045,0.000358363,0,1.83E-05,1.83E-05,0.000358363,0
0.032670455,0.029931973,0.013291747,0.016390426,0.170515098,0.005934916,0.005934916,0.016390426,0
0.005681818,0.005442177,0.000521045,0.000358363,0,1.83E-05,1.83E-05,0.000358363,0
0.045454545,0.040816327,0.005279403,0.004688065,0.085257549,0.00099683,0.00099683,0.004688065,0
0.056818182,0.048979592,0.00795358,0.00649002,0.034734557,0.00075225,0.00075225,0.00649002,0
0.024147727,0.023129252,0,0,0,0,0,0,0
0.009943182,0.00952381,0.002084181,0.001552091,0,7.92E-05,7.92E-05,0.001552091,0
0.019886364,0.019047619,0.004561693,0.004422813,0.047365305,0.000624029,0.000624029,0.004422813,0
0.018465909,0.016326531,0.010738555,0.007664173,0.096625222,0.001766121,0.001766121,0.007664173,0
0.007102273,0.008163265,0.009516716,0.006960285,0.097888297,0.001624441,0.001624441,0.006960285,0
0.028409091,0.031292517,0.015125385,0.012500836,0.069018016,0.002219551,0.002219551,0.012500836,0
0.011363636,0.010884354,0.002605226,0.001757389,0.028419183,0.000192649,0.000192649,0.001757388,0
0.007102273,0.008163265,0.000521045,0.000358363,0,1.83E-05,1.83E-05,0.000358363,0
0.005681818,0.006802721,0.001759801,0.001250048,0.028419183,0.000140866,0.000140866,0.001250048,0
0.007102273,0.00952381,0.002605226,0.001757389,0.028419183,0.000192649,0.000192649,0.001757388,0
0.008522727,0.008163265,0.002605226,0.001757389,0.028419183,0.000192649,0.000192649,0.001757388,0
0.055397727,0.048979592,0.028459479,0.019125806,0.240815182,0.009359404,0.009359404,0.019125806,0
0.005681818,0.005442177,0.000521045,0.000358363,0,1.83E-05,1.83E-05,0.000358363,0
0.002840909,0.002721088,0.000521045,0.000358363,0,1.83E-05,1.83E-05,0.000358363,0
0.049715909,0.06122449,0.035879491,0.03226052,0.188003826,0.012625612,0.012625612,0.03226052,0
0.049715909,0.053061224,0.017351682,0.013554386,0.092835998,0.002994758,0.002994758,0.013554386,0
0.042613636,0.042176871,0.016673448,0.012500836,0,0.000637964,0.000637964,0.012500836,0
0.002840909,0.002721088,0.007203837,0.005139983,0.101497082,0.001246562,0.001246562,0.005139982,0
0.041193182,0.039455782,0.065622596,0.089100226,0.126939017,0.02491688,0.02491688,0.089100226,0
0.017045455,0.019047619,0.013291747,0.010666785,0.104203671,0.002589057,0.002589057,0.010666785,0
0.032670455,0.029931973,0.018785171,0.014595317,0.268889193,0.007917937,0.007917937,0.014595317,0
0.011363636,0.010884354,0.000521045,0.000358363,0,1.83E-05,1.83E-05,0.000358363,0
0.015625,0.013605442,0.006124828,0.004493215,0.104203671,0.001118776,0.001118776,0.004493215,0
0.066761364,0.066666667,0.041320436,0.034710772,0.24765288,0.017323785,0.017323785,0.034710772,0
0.024147727,0.017687075,0.002084181,0.00245822,0.014209591,0.000194817,0.000194817,0.002458219,0
0.024147727,0.023129252,0,0,0,0,0,0,0
0.029829545,0.024489796,0.030751857,0.029756823,0.113676732,0.007646118,0.007646118,0.029756823,0
0.018465909,0.016326531,0.028583797,0.020769814,0.120135637,0.005596833,0.005596833,0.020769814,0
0.022727273,0.020408163,0.001759801,0.001552091,0.047365305,0.000233353,0.000233353,0.001552091,0
0.005681818,0.005442177,0.000521045,0.000358363,0,1.83E-05,1.83E-05,0.000358363,0
0.024147727,0.021768707,0.001759801,0.001552091,0.047365305,0.000233353,0.000233353,0.001552091,0
0.005681818,0.005442177,0.000521045,0.000358363,0,1.83E-05,1.83E-05,0.000358363,0
0.005681818,0.005442177,0.000521045,0.000358363,0,1.83E-05,1.83E-05,0.000358363,0
0.009943182,0.012244898,0.007203837,0.005139983,0.101497082,0.001246562,0.001246562,0.005139982,0
0.009943182,0.010884354,0.006124828,0.00406109,0.085257549,0.000868842,0.000868842,0.00406109,0
0.007102273,0.006802721,0.007203837,0.005139983,0.101497082,0.001246562,0.001246562,0.005139982,0
0.012784091,0.00952381,0.001759801,0.001250048,0.028419183,0.000140866,0.000140866,0.001250048,0
1,1,0.578801221,0.496946181,0.521656987,0.491126676,0.491126676,0.496946181,0
0.007102273,0.005442177,0,0,0,0,0,0,0
0.045454545,0.036734694,0.001238756,0.001300827,0.009473061,9.29E-05,9.29E-05,0.001300827,0
0.014204545,0.014965986,0.006358412,0.006221717,0.081197666,0.001262645,0.001262645,0.006221717,0
0.007102273,0.006802721,0,0,0,0,0,0,0
0.036931818,0.03537415,0.011678949,0.007871339,0.113676732,0.002061628,0.002061628,0.007871339,0
0.026988636,0.028571429,0.022579051,0.017392955,0.121570949,0.004741497,0.004741497,0.017392955,0
0.015625,0.014965986,0.000521045,0.000358363,0,1.83E-05,1.83E-05,0.000358363,0
0.063920455,0.076190476,0.018757629,0.014919458,0.09946714,0.003472751,0.003472751,0.014919458,0
0.021306818,0.020408163,0.015970811,0.012758281,0.101497082,0.003023888,0.003023888,0.012758281,0
0.011363636,0.021768707,0.000521045,0.000358363,0,1.83E-05,1.83E-05,0.000358363,0
0.021306818,0.019047619,0.000521045,0.000358363,0,1.83E-05,1.83E-05,0.000358363,0
0.008522727,0.010884354,0.000521045,0.000358363,0,1.83E-05,1.83E-05,0.000358363,0
0.009943182,0.038095238,0.000521045,0.000358363,0,1.83E-05,1.83E-05,0.000358363,0
0.005681818,0.005442177,0.004561693,0.003252069,0.028419183,0.000345208,0.000345208,0.003252068,0
0.007102273,0.006802721,0.000521045,0.000358363,0,1.83E-05,1.83E-05,0.000358363,0
0.007102273,0.006802721,0.000521045,0.000358363,0,1.83E-05,1.83E-05,0.000358363,0
0.029829545,0.029931973,0.008336724,0.005335936,0.085257549,0.001129083,0.001129083,0.005335935,0
0.036931818,0.046258503,0.014616809,0.012500836,0.111490641,0.003192835,0.003192835,0.012500836,0
0.017045455,0.016326531,0.008336724,0.006268619,0.09946714,0.00148607,0.00148607,0.006268619,0
0.034090909,0.042176871,0.019698022,0.01859487,0.1669627,0.006602143,0.006602143,0.01859487,0
0.012784091,0.010884354,0,0,0,0,0,0,0
0.026988636,0.024489796,0.021793105,0.016804518,0.207815275,0.007225867,0.007225867,0.016804518,0
0.005681818,0.005442177,0.000521045,0.000358363,0,1.83E-05,1.83E-05,0.000358363,0
0.012784091,0.012244898,0.000521045,0.000358363,0,1.83E-05,1.83E-05,0.000358363,0
0.009943182,0.00952381,0.000521045,0.000358363,0,1.83E-05,1.83E-05,0.000358363,0
0.009943182,0.00952381,0.000521045,0.000358363,0,1.83E-05,1.83E-05,0.000358363,0
0.009943182,0.016326531,0.000521045,0.000358363,0,1.83E-05,1.83E-05,0.000358363,0
0.009943182,0.010884354,0.000521045,0.000358363,0,1.83E-05,1.83E-05,0.000358363,0
0.011363636,0.019047619,0.000521045,0.000358363,0,1.83E-05,1.83E-05,0.000358363,0
0,0,0.00426333,0.00286182,0.056838366,0.000464703,0.000464703,0.00286182,0
0.005681818,0.005442177,0.00426333,0.00286182,0.056838366,0.000464703,0.000464703,0.00286182,0
0.005681818,0.005442177,0.00426333,0.00286182,0.056838366,0.000464703,0.000464703,0.00286182,0
0.005681818,0.005442177,0.00426333,0.00286182,0.056838366,0.000464703,0.000464703,0.00286182,0
0.005681818,0.005442177,0.00426333,0.00286182,0.056838366,0.000464703,0.000464703,0.00286182,0
0.005681818,0.005442177,0.00426333,0.00286182,0.056838366,0.000464703,0.000464703,0.00286182,0
0.005681818,0.005442177,0.004561693,0.003642317,0.028419183,0.000385039,0.000385039,0.003642317,0
0.005681818,0.005442177,0.004561693,0.003642317,0.028419183,0.000385039,0.000385039,0.003642317,0
0.002840909,0.002721088,0.001759801,0.001250048,0.028419183,0.000140866,0.000140866,0.001250048,0
0,0,0.005279403,0.003451007,0.056838366,0.000554908,0.000554908,0.003451007,0
0.002840909,0.002721088,0.002605226,0.001757389,0.028419183,0.000192649,0.000192649,0.001757388,0
0.002840909,0.002721088,0.000521045,0.000358363,0,1.83E-05,1.83E-05,0.000358363,0
0.009943182,0.00952381,0.000521045,0.000358363,0,1.83E-05,1.83E-05,0.000358363,0
0.011363636,0.010884354,0.003545619,0.002661342,0.028419183,0.000284914,0.000284914,0.002661342,0
0.011363636,0.010884354,0.003545619,0.002661342,0.028419183,0.000284914,0.000284914,0.002661342,0
0.011363636,0.010884354,0.003545619,0.002661342,0.028419183,0.000284914,0.000284914,0.002661342,0
0.011363636,0.010884354,0.003545619,0.002661342,0.028419183,0.000284914,0.000284914,0.002661342,0
0.011363636,0.010884354,0.003545619,0.002661342,0.028419183,0.000284914,0.000284914,0.002661342,0
0.019886364,0.019047619,0.014407675,0.010666785,0.028419183,0.001102009,0.001102009,0.010666785,0
0,0,0.000521045,0.000358363,0,1.83E-05,1.83E-05,0.000358363,0
0.002840909,0.012244898,0.000521045,0.000358363,0,1.83E-05,1.83E-05,0.000358363,0
0.002840909,0.002721088,0.001759801,0.001250048,0.028419183,0.000140866,0.000140866,0.001250048,0
0.011363636,0.010884354,0.003545619,0.002661342,0.028419183,0.000284914,0.000284914,0.002661342,0
0.009943182,0.00952381,0,0,0,0,0,0,0
0.005681818,0.005442177,0.004040647,0.00302653,0,0.000154455,0.000154455,0.00302653,0
0.005681818,0.005442177,0.004040647,0.00302653,0,0.000154455,0.000154455,0.00302653,0
0.004261364,0.004081633,0.000521045,0.000358363,0,1.83E-05,1.83E-05,0.000358363,0
0.012784091,0.012244898,0.003322937,0.002661342,0.078152753,0.000545831,0.000545831,0.002661342,0
0.039772727,0.031292517,0.042955349,0.033622834,0.222453604,0.015251173,0.015251173,0.033622834,0
0.042613636,0.039455782,0.011998044,0.008379558,0.085257549,0.001750392,0.001750392,0.008379558,0
0.017045455,0.013605442,0.004561693,0.004422813,0.047365305,0.000624029,0.000624029,0.004422813,0
0.017045455,0.014965986,0.009516716,0.009848465,0.148411289,0.00319665,0.00319665,0.009848465,0
0.007102273,0.006802721,0.002605226,0.001757389,0.028419183,0.000192649,0.000192649,0.001757388,0
0.004261364,0.002721088,0.000521045,0.000358363,0,1.83E-05,1.83E-05,0.000358363,0
0.021306818,0.020408163,0.012938437,0.010666785,0.152430163,0.003535361,0.003535361,0.010666785,0
0.035511364,0.034013605,0.009516716,0.006960285,0.097888297,0.001624441,0.001624441,0.006960285,0
0.053977273,0.053061224,0.033270315,0.031654924,0.159147425,0.010736448,0.010736448,0.031654924,0
0.03125,0.029931973,0.017351682,0.015764714,0.115571344,0.004130291,0.004130291,0.015764714,0
0.012784091,0.016326531,0.008671291,0.006268619,0.056838366,0.000986288,0.000986288,0.006268619,0
0.041193182,0.031292517,0.023595124,0.018825419,0.161042037,0.006480114,0.006480114,0.018825419,0
0.029829545,0.029931973,0.013053673,0.010412435,0.032791365,0.001159842,0.001159842,0.010412434,0
0.024147727,0.021768707,0.016911204,0.011344058,0.113676732,0.002947757,0.002947757,0.011344058,0
0.011363636,0.010884354,0.002605226,0.001757389,0.028419183,0.000192649,0.000192649,0.001757388,0
0.008522727,0.008163265,0.005119656,0.004422813,0.004059883,0.000259854,0.000259854,0.004422813,0
0.025568182,0.024489796,0.002605226,0.001757389,0.028419183,0.000192649,0.000192649,0.001757388,0
0.038352273,0.042176871,0.001759801,0.001854134,0.047365305,0.000274458,0.000274458,0.001854134,0
0.009943182,0.006802721,0.000521045,0.00056454,0,2.88E-05,2.88E-05,0.000564539,0
0.004261364,0.004081633,0.002605226,0.001757389,0.028419183,0.000192649,0.000192649,0.001757388,0
0.004261364,0.005442177,0.002605226,0.001757389,0.028419183,0.000192649,0.000192649,0.001757388,0
0.018465909,0.012244898,0.007203837,0.006040007,0.117736615,0.001640261,0.001640261,0.006040007,0
0.025568182,0.023129252,0.024674133,0.018466487,0.192618907,0.007419875,0.007419875,0.018466487,0
0.019886364,0.012244898,0.008671291,0.012331062,0.142095915,0.003842187,0.003842187,0.012331062,0
0.026988636,0.024489796,0.03969895,0.04711325,0.358923755,0.032938293,0.032938293,0.04711325,0
0.045454545,0.040816327,0.022925991,0.027175362,0.397868561,0.020988784,0.020988784,0.027175361,0
0.008522727,0.008163265,0.002084181,0.001552091,0,7.92E-05,7.92E-05,0.001552091,0
0.041193182,0.031292517,0.006124828,0.004493215,0.104203671,0.001118776,0.001118776,0.004493215,0
0.012784091,0.010884354,0.024355445,0.020882829,0.27917668,0.011665376,0.011665376,0.020882829,0
0.032670455,0.019047619,0.022579051,0.027984827,0.224195777,0.012799589,0.012799589,0.027984827,0
0.029829545,0.02585034,0.03169225,0.028809051,0.14920071,0.009258665,0.009258665,0.028809051,0
0.014204545,0.013605442,0.006358412,0.005357466,0.069018016,0.000969656,0.000969656,0.005357466,0
0.014204545,0.013605442,0.006358412,0.005357466,0.069018016,0.000969656,0.000969656,0.005357466,0
0.002840909,0.002721088,0.000521045,0.000358363,0,1.83E-05,1.83E-05,0.000358363,0
0.005681818,0.005442177,0.000521045,0.000358363,0,1.83E-05,1.83E-05,0.000358363,0
0.007102273,0.006802721,0.001238756,0.001300827,0.009473061,9.29E-05,9.29E-05,0.001300827,0
0.029829545,0.029931973,0.015557202,0.011673411,0.124607187,0.003266034,0.003266034,0.011673411,0
0.039772727,0.038095238,0.024674133,0.019070572,0.203670811,0.008043301,0.008043301,0.019070572,0
0.042613636,0.039455782,0.020187083,0.015166681,0.091944415,0.003321126,0.003321126,0.015166681,0
0.048295455,0.040816327,0.021127476,0.016562592,0.130393898,0.00478438,0.00478438,0.016562592,0
0.038352273,0.03537415,0.042955349,0.031589854,0.21461383,0.013886913,0.013886913,0.031589854,0
0.019886364,0.019047619,0.011678949,0.00736312,0.113676732,0.001931947,0.001931947,0.00736312,0
0.005681818,0.005442177,0.002605226,0.001757389,0.028419183,0.000192649,0.000192649,0.001757388,0
0.019886364,0.020408163,0.020714096,0.016562592,0.174067496,0.006103736,0.006103736,0.016562592,0
0.021306818,0.019047619,0.004561693,0.003642317,0.028419183,0.000385039,0.000385039,0.003642317,0
0.009943182,0.008163265,0.006358412,0.004493215,0.056838366,0.000714471,0.000714471,0.004493215,0
0.015625,0.008163265,0.016506257,0.018725069,0.102309059,0.004443605,0.004443605,0.018725069,0
0.017045455,0.013605442,0.005279403,0.006749828,0.127886323,0.001954327,0.001954327,0.006749827,0
0.004261364,0.004081633,0.000521045,0.000358363,0,1.83E-05,1.83E-05,0.000358363,0
0.011363636,0.013605442,0.000521045,0.000358363,0,1.83E-05,1.83E-05,0.000358363,0
0.046875,0.040816327,0.047936164,0.046123332,0.284191829,0.026025077,0.026025077,0.046123332,0
0.038352273,0.036734694,0.016506257,0.014385587,0.073889876,0.002677462,0.002677462,0.014385587,0
0.058238636,0.048979592,0.040743453,0.033768626,0.165615239,0.011843621,0.011843621,0.033768626,0
0.008522727,0.008163265,0.004561693,0.003252069,0.028419183,0.000345208,0.000345208,0.003252068,0
0.028409091,0.021768707,0.036470981,0.03226052,0.13999079,0.009821698,0.009821698,0.03226052,0
0.012784091,0.012244898,0.000521045,0.000358363,0,1.83E-05,1.83E-05,0.000358363,0
0.011363636,0.010884354,0.000521045,0.000358363,0,1.83E-05,1.83E-05,0.000358363,0
0.049715909,0.046258503,0.022579051,0.01856983,0.137359384,0.005592352,0.005592352,0.01856983,0
0.039772727,0.038095238,0.021638658,0.018882973,0.110519045,0.004762903,0.004762903,0.018882973,0
0.008522727,0.008163265,0.002605226,0.001757389,0.028419183,0.000192649,0.000192649,0.001757388,0
0.051136364,0.046258503,0.0369585,0.027299757,0.185817735,0.010589462,0.010589462,0.027299757,0
0.017045455,0.012244898,0.004040647,0.00302653,0,0.000154455,0.000154455,0.00302653,0
0.018465909,0.057142857,0.00426333,0.00286182,0.056838366,0.000464703,0.000464703,0.00286182,0
0.038352273,0.036734694,0.023111125,0.019158267,0.103206507,0.004576595,0.004576595,0.019158267,0
0.025568182,0.031292517,0.004561693,0.003252069,0.028419183,0.000345208,0.000345208,0.003252068,0
0.011363636,0.019047619,0.001759801,0.001250048,0.028419183,0.000140866,0.000140866,0.001250048,0
0.005681818,0.010884354,0.000521045,0.000358363,0,1.83E-05,1.83E-05,0.000358363,0
0.002840909,0.002721088,0.000521045,0.000358363,0,1.83E-05,1.83E-05,0.000358363,0
0.014204545,0.013605442,0.000521045,0.000358363,0,1.83E-05,1.83E-05,0.000358363,0
0.008522727,0.008163265,0.001759801,0.001552091,0.047365305,0.000233353,0.000233353,0.001552091,0
0.008522727,0.008163265,0.010457109,0.006673631,0.113676732,0.00175601,0.00175601,0.006673631,0
0.015625,0.016326531,0.000521045,0.000358363,0,1.83E-05,1.83E-05,0.000358363,0
0.039772727,0.039455782,0.017652284,0.019417124,0.30823883,0.011882696,0.011882696,0.019417123,0
0.005681818,0.004081633,0.001759801,0.001552091,0.047365305,0.000233353,0.000233353,0.001552091,0
0.005681818,0.005442177,0.007203837,0.005139983,0.101497082,0.001246562,0.001246562,0.005139982,0
0.005681818,0.004081633,0.006358412,0.004925341,0.069018016,0.000894045,0.000894045,0.00492534,0
0.005681818,0.004081633,0.001759801,0.001552091,0.047365305,0.000233353,0.000233353,0.001552091,0
0.021306818,0.020408163,0.017927277,0.014919458,0.178634864,0.005630768,0.005630768,0.014919458,0
0.008522727,0.006802721,0.001042091,0.001560993,0.085257549,0.000358485,0.000358485,0.001560993,0
0.008522727,0.006802721,0.001042091,0.001560993,0.085257549,0.000358485,0.000358485,0.001560993,0
0.018465909,0.016326531,0.005279403,0.003451007,0.056838366,0.000554908,0.000554908,0.003451007,0
0.018465909,0.016326531,0.007203837,0.005139983,0.101497082,0.001246562,0.001246562,0.005139982,0
0.017045455,0.012244898,0.015033519,0.013300717,0.260939771,0.007033177,0.007033177,0.013300716,0
0.009943182,0.012244898,0.000521045,0.000358363,0,1.83E-05,1.83E-05,0.000358363,0
0.004261364,0.004081633,0.012446322,0.009395996,0.056838366,0.001465093,0.001465093,0.009395996,0
0.014204545,0.013605442,0.007203837,0.005589995,0.101497082,0.001351548,0.001351548,0.005589995,0
0.009943182,0.012244898,0.005279403,0.004688065,0.085257549,0.00099683,0.00099683,0.004688065,0
0.009943182,0.012244898,0.005279403,0.004688065,0.085257549,0.00099683,0.00099683,0.004688065,0
0.008522727,0.010884354,0.002605226,0.002766166,0.056838366,0.000450058,0.000450058,0.002766166,0
0.008522727,0.010884354,0.005279403,0.004688065,0.085257549,0.00099683,0.00099683,0.004688065,0
0.017045455,0.020408163,0.012695022,0.012227778,0.244404973,0.006104864,0.006104864,0.012227778,0
0.017045455,0.020408163,0.015033519,0.013843152,0.279024705,0.007773055,0.007773055,0.013843152,0
0.015625,0.017687075,0.008336724,0.008133986,0.142095915,0.002557032,0.002557032,0.008133986,0
0.021306818,0.024489796,0.01395451,0.015159378,0.266106895,0.008142043,0.008142043,0.015159378,0
0.017045455,0.019047619,0.008336724,0.008133986,0.142095915,0.002557032,0.002557032,0.008133986,0
0.022727273,0.02585034,0.01395451,0.015159378,0.266106895,0.008142043,0.008142043,0.015159378,0
0.017045455,0.019047619,0.008336724,0.008133986,0.142095915,0.002557032,0.002557032,0.008133986,0
0.022727273,0.02585034,0.01395451,0.015159378,0.266106895,0.008142043,0.008142043,0.015159378,0
0.015625,0.017687075,0.008336724,0.008133986,0.142095915,0.002557032,0.002557032,0.008133986,0
0.021306818,0.024489796,0.01395451,0.015159378,0.266106895,0.008142043,0.008142043,0.015159378,0
0.035511364,0.040816327,0.038091387,0.047388795,0.382565924,0.03515291,0.03515291,0.047388795,0
0.035511364,0.040816327,0.034920219,0.041366312,0.369449378,0.029727688,0.029727688,0.041366312,0
0.019886364,0.021768707,0.013291747,0.013788771,0.142095915,0.004288541,0.004288541,0.013788771,0
0.025568182,0.031292517,0.040187549,0.031766932,0.206039076,0.013471038,0.013471038,0.031766932,0
0.015625,0.012244898,0.008336724,0.006268619,0.09946714,0.00148607,0.00148607,0.006268619,0
0.052556818,0.047619048,0.027638858,0.025718045,0.240142096,0.012515203,0.012515203,0.025718044,0
0.009943182,0.00952381,0.024674133,0.024507342,0.269982238,0.013258496,0.013258496,0.024507342,0
0.009943182,0.00952381,0.024674133,0.024507342,0.269982238,0.013258496,0.013258496,0.024507342,0
0.022727273,0.020408163,0.034863418,0.040340528,0.195655144,0.016323686,0.016323686,0.040340528,0
0.014204545,0.013605442,0.007203837,0.007840057,0.166455214,0.00282136,0.00282136,0.007840057,0
0.001420455,0,0.000521045,0.000358363,0,1.83E-05,1.83E-05,0.000358363,0
0.002840909,0.001360544,0.000521045,0.000358363,0,1.83E-05,1.83E-05,0.000358363,0
0.009943182,0.008163265,0.024674133,0.024507342,0.269982238,0.013258496,0.013258496,0.024507342,0
0.002840909,0.005442177,0.065606015,0.080811666,0.21056031,0.034778482,0.034778482,0.080811666,0
0.021306818,0.019047619,0.01423214,0.013032544,0.161042037,0.004509234,0.004509234,0.013032544,0
0.012784091,0.00952381,0.011473182,0.009904215,0.217880403,0.004482351,0.004482351,0.009904215,0
0.002840909,0.001360544,0.005279403,0.003451007,0.056838366,0.000554908,0.000554908,0.003451007,0
0.035511364,0.039455782,0.021793105,0.019746704,0.245115453,0.009814091,0.009814091,0.019746704,0
0.005681818,0.005442177,0.00426333,0.00286182,0.056838366,0.000464703,0.000464703,0.00286182,0
0.042613636,0.042176871,0.022700036,0.020614692,0.346714032,0.014048973,0.014048973,0.020614692,0
0.048295455,0.050340136,0.009516716,0.009367102,0.123149793,0.002607072,0.002607072,0.009367101,0
0.019886364,0.017687075,0.002605226,0.001757389,0.028419183,0.000192649,0.000192649,0.001757388,0
0.019886364,0.014965986,0.01395451,0.012500836,0.204101405,0.005315063,0.005315063,0.012500836,0
0.036931818,0.034013605,0.009160304,0.009848465,0.435760805,0.008412782,0.008412782,0.009848465,0
0.012784091,0.010884354,0.000521045,0.000358363,0,1.83E-05,1.83E-05,0.000358363,0
0.011363636,0.00952381,0.000521045,0.000358363,0,1.83E-05,1.83E-05,0.000358363,0
0.017045455,0.014965986,0.000521045,0.000358363,0,1.83E-05,1.83E-05,0.000358363,0
0.018465909,0.016326531,0.002605226,0.001757389,0.028419183,0.000192649,0.000192649,0.001757388,0
0.026988636,0.024489796,0.005640702,0.004688065,0.03653895,0.000563927,0.000563927,0.004688065,0
0.012784091,0.012244898,0.006358412,0.004493215,0.056838366,0.000714471,0.000714471,0.004493215,0
0.014204545,0.012244898,0,0,0,0,0,0,0
0.009943182,0.008163265,0.002605226,0.001757389,0.028419183,0.000192649,0.000192649,0.001757388,0
0.034090909,0.031292517,0.001759801,0.001250048,0.028419183,0.000140866,0.000140866,0.001250048,0
0.041193182,0.043537415,0.016327223,0.012449222,0.220248668,0.005662039,0.005662039,0.012449222,0
0.034090909,0.027210884,0.00426333,0.004422813,0.090941385,0.00099048,0.00099048,0.004422813,0
0.005681818,0.004081633,0.002605226,0.001757389,0.028419183,0.000192649,0.000192649,0.001757388,0
0.005681818,0.004081633,0.00426333,0.003252069,0.073889876,0.000631996,0.000631996,0.003252068,0
0.005681818,0.004081633,0.002605226,0.001757389,0.028419183,0.000192649,0.000192649,0.001757388,0
0.004261364,0.002721088,0.000521045,0.000358363,0,1.83E-05,1.83E-05,0.000358363,0
0.025568182,0.024489796,0.003322937,0.005217661,0.184724689,0.002083377,0.002083377,0.005217661,0
0.009943182,0.006802721,0.00795358,0.00649002,0.034734557,0.00075225,0.00075225,0.00649002,0
0.009943182,0.008163265,0.000521045,0.000358363,0,1.83E-05,1.83E-05,0.000358363,0
0.017045455,0.016326531,0.010738555,0.009645258,0.119360568,0.002615379,0.002615379,0.009645258,0
0.005681818,0.004081633,0,0,0,0,0,0,0
0.007102273,0.005442177,0.001759801,0.001250048,0.028419183,0.000140866,0.000140866,0.001250048,0
0.001420455,0,0.000521045,0.000358363,0,1.83E-05,1.83E-05,0.000358363,0
0.001420455,0,0,0,0,0,0,0,0
0.038352273,0.03537415,0.005279403,0.00386336,0.056838366,0.000618039,0.000618039,0.00386336,0
0.009943182,0.008163265,0.002605226,0.001757389,0.028419183,0.000192649,0.000192649,0.001757388,0
0.007102273,0.005442177,0.001759801,0.001250048,0.028419183,0.000140866,0.000140866,0.001250048,0
0.009943182,0.008163265,0.001238756,0.001300827,0.009473061,9.29E-05,9.29E-05,0.001300827,0
0.032670455,0.031292517,0.025543776,0.023299171,0.156305506,0.007801809,0.007801809,0.023299171,0
0.022727273,0.107482993,0.00426333,0.00286182,0.056838366,0.000464703,0.000464703,0.00286182,0
0.007102273,0.005442177,0,0,0,0,0,0,0
0.002840909,0.002721088,0.000521045,0.000358363,0,1.83E-05,1.83E-05,0.000358363,0
0.004261364,0.004081633,0.002605226,0.001757389,0.028419183,0.000192649,0.000192649,0.001757388,0
0.002840909,0.002721088,0.000521045,0.000358363,0,1.83E-05,1.83E-05,0.000358363,0
0.034090909,0.03537415,0.012938437,0.009626123,0.126594542,0.002738728,0.002738728,0.009626123,0
0.008522727,0.008163265,0.000521045,0.000358363,0,1.83E-05,1.83E-05,0.000358363,0
0.002840909,0.002721088,0.000521045,0.000358363,0,1.83E-05,1.83E-05,0.000358363,0
0.110795455,0.106122449,0.015125385,0.017817919,0.087287491,0.003742991,0.003742991,0.017817919,0
0.021306818,0.020408163,0.002084181,0.001552091,0,7.92E-05,7.92E-05,0.001552091,0
0.082386364,0.069387755,0.060578965,0.058989439,0.235168739,0.028031806,0.028031806,0.058989439,0
0.072443182,0.069387755,0,0.000260165,0.028419183,3.98E-05,3.98E-05,0.000260165,0
0.299715909,0.337414966,0.044606657,0.044126024,0.072339738,0.008017862,0.008017862,0.044126024,0
0.008522727,0.004081633,0.000521045,0.000358363,0,1.83E-05,1.83E-05,0.000358363,0
0.021306818,0.048979592,0.000521045,0.022831577,0.76731794,0.032983543,0.032983543,0.022831577,0
0.001420455,0.001360544,0.001238756,0.001300827,0.009473061,9.29E-05,9.29E-05,0.001300827,0
0.008522727,0.006802721,0.000521045,0.000358363,0,1.83E-05,1.83E-05,0.000358363,0
0.005681818,0.005442177,0.00426333,0.003252069,0.073889876,0.000631996,0.000631996,0.003252068,0
0.004261364,0.004081633,0.006773588,0.004925341,0.028419183,0.000515994,0.000515994,0.00492534,0
0.007102273,0.006802721,0.006358412,0.004925341,0.069018016,0.000894045,0.000894045,0.00492534,0
0.004261364,0.004081633,0.004561693,0.003252069,0.028419183,0.000345208,0.000345208,0.003252068,0
0.001420455,0.001360544,0.002605226,0.001757389,0.028419183,0.000192649,0.000192649,0.001757388,0
0.026988636,0.027210884,0.003545619,0.00302653,0.039786856,0.00038928,0.00038928,0.00302653,0
0.012784091,0.012244898,0.002605226,0.001757389,0.028419183,0.000192649,0.000192649,0.001757388,0
0.012784091,0.012244898,0.005279403,0.004688065,0.085257549,0.00099683,0.00099683,0.004688065,0
0.002840909,0.004081633,0.002605226,0.001757389,0.028419183,0.000192649,0.000192649,0.001757388,0
0.002840909,0.004081633,0.002605226,0.001757389,0.028419183,0.000192649,0.000192649,0.001757388,0
0.002840909,0.002721088,0.000521045,0.000358363,0,1.83E-05,1.83E-05,0.000358363,0
0.002840909,0.002721088,0.001759801,0.001854134,0.047365305,0.000274458,0.000274458,0.001854134,0
0.002840909,0.002721088,0,0,0,0,0,0,0
0.002840909,0.002721088,0.005279403,0.004275712,0.071047957,0.000796913,0.000796913,0.004275712,0
0.026988636,0.023129252,0.008336724,0.005802277,0.085257549,0.001224279,0.001224279,0.005802277,0
0.034090909,0.028571429,0.025067591,0.029944112,0.249789661,0.015076581,0.015076581,0.029944112,0
0.034090909,0.05170068,0.009516716,0.007441648,0.097888297,0.001733622,0.001733622,0.007441648,0
0.029829545,0.028571429,0.009516716,0.006478921,0.085257549,0.001362406,0.001362406,0.006478921,0
0.009943182,0.008163265,0.000521045,0.000358363,0,1.83E-05,1.83E-05,0.000358363,0
0.014204545,0.012244898,0,0.000260165,0.028419183,3.98E-05,3.98E-05,0.000260165,0
0.086647727,0.082993197,0.023757957,0.036811388,0.15062167,0.011905692,0.011905692,0.036811387,0
0.015625,0.019047619,0.023595124,0.017036145,0.151568976,0.005577127,0.005577127,0.017036145,0
0.011363636,0.012244898,0.011728612,0.010140529,0.037892244,0.001225224,0.001225224,0.010140529,0
0.009943182,0.010884354,0.011728612,0.010140529,0.037892244,0.001225224,0.001225224,0.010140529,0
0.008522727,0.013605442,0.004561693,0.003252069,0.028419183,0.000345208,0.000345208,0.003252068,0
0.032670455,0.028571429,0.002605226,0.001757389,0.028419183,0.000192649,0.000192649,0.001757388,0
0.044034091,0.043537415,0.010738555,0.008654716,0.107992895,0.002170529,0.002170529,0.008654716,0
0.007102273,0.005442177,0.000521045,0.000358363,0,1.83E-05,1.83E-05,0.000358363,0
0.024147727,0.021768707,0.003545619,0.002661342,0.028419183,0.000284914,0.000284914,0.002661342,0
0.011363636,0.00952381,0,0,0,0,0,0,0
0.015625,0.013605442,0.00426333,0.00286182,0.056838366,0.000464703,0.000464703,0.00286182,0
0.079545455,0.092517007,0.002477512,0.003774943,0.170515098,0.001428209,0.001428209,0.003774943,0
0.004261364,0.002721088,0,0,0,0,0,0,0
0.019886364,0.017687075,0.005279403,0.00386336,0.056838366,0.000618039,0.000618039,0.00386336,0
0.009943182,0.006802721,0.001759801,0.00245822,0.085257549,0.00054164,0.00054164,0.002458219,0
0.029829545,0.058503401,0.008336724,0.009533011,0.170515098,0.0034852,0.0034852,0.009533011,0
0.049715909,0.048979592,0.026757276,0.025099516,0.422944311,0.020541652,0.020541652,0.025099516,0
0.025568182,0.021768707,0.012695022,0.009105792,0.159147425,0.003141389,0.003141389,0.009105792,0
0.042613636,0.039455782,0.023222558,0.018228994,0.205621147,0.007757306,0.007757306,0.018228994,0
0.015625,0.012244898,0.003545619,0.003756907,0.051154529,0.00056074,0.00056074,0.003756907,0
0.035511364,0.031292517,0.015557202,0.011130975,0.124607187,0.003116975,0.003116975,0.011130975,0
0.004261364,0.004081633,0.000521045,0.000358363,0,1.83E-05,1.83E-05,0.000358363,0
0.009943182,0.014965986,0.000521045,0.000358363,0,1.83E-05,1.83E-05,0.000358363,0
0.038352273,0.039455782,0.00989313,0.006960285,0.056838366,0.001092182,0.001092182,0.006960285,0
0.034090909,0.031292517,0.001759801,0.001552091,0.047365305,0.000233353,0.000233353,0.001552091,0
0.015625,0.013605442,0.002605226,0.001757389,0.028419183,0.000192649,0.000192649,0.001757388,0
0.038352273,0.038095238,0.024674133,0.017862401,0.192618907,0.007180096,0.007180096,0.017862401,0
0.009943182,0.00952381,0.000521045,0.000358363,0,1.83E-05,1.83E-05,0.000358363,0
0.012784091,0.010884354,0.012938437,0.009105792,0.126594542,0.002593885,0.002593885,0.009105792,0
0.012784091,0.010884354,0.015248214,0.01058854,0.156305506,0.003585448,0.003585448,0.01058854,0
0.005681818,0.004081633,0.000521045,0.000358363,0,1.83E-05,1.83E-05,0.000358363,0
0.008522727,0.006802721,0.006358412,0.005357466,0.069018016,0.000969656,0.000969656,0.005357466,0
0.035511364,0.038095238,0.041822462,0.040090916,0.232253323,0.018875167,0.018875167,0.040090916,0
0.028409091,0.02585034,0.017927277,0.013232833,0.154275565,0.004413425,0.004413425,0.013232833,0
0.008522727,0.00952381,0.007203837,0.00468997,0.085257549,0.000997218,0.000997218,0.00468997,0
0.009943182,0.017687075,0.011998044,0.012445311,0.136928791,0.003759278,0.003759278,0.012445311,0
0.004261364,0.004081633,0,0,0,0,0,0,0
0.005681818,0.004081633,0.001759801,0.001250048,0.028419183,0.000140866,0.000140866,0.001250048,0
0.059659091,0.06122449,0.002605226,0.009491346,0.184724689,0.003719143,0.003719143,0.009491346,0
0.004261364,0.008163265,0.001759801,0.001250048,0.028419183,0.000140866,0.000140866,0.001250048,0
0.021306818,0.020408163,0.00426333,0.003252069,0.073889876,0.000631996,0.000631996,0.003252068,0
0.009943182,0.00952381,0.000521045,0.000358363,0,1.83E-05,1.83E-05,0.000358363,0
0.008522727,0.004081633,0.00814423,0.007667644,0.194874397,0.003165611,0.003165611,0.007667644,0
0.008522727,0.004081633,0.006124828,0.004925341,0.123149793,0.001398113,0.001398113,0.00492534,0
0.053977273,0.042176871,0.025067591,0.043233994,0.402355801,0.033632239,0.033632239,0.043233994,0
0.007102273,0.005442177,0.007203837,0.006940032,0.133976148,0.002086454,0.002086454,0.006940032,0
0.014204545,0.00952381,0.011678949,0.013969968,0.227353464,0.006522675,0.006522675,0.013969968,0
0.008522727,0.006802721,0.001042091,0.001560993,0.085257549,0.000358485,0.000358485,0.001560993,0
0.024147727,0.021768707,0.007203837,0.008740082,0.166455214,0.00313632,0.00313632,0.008740081,0
0.005681818,0.004081633,0.000521045,0.000358363,0,1.83E-05,1.83E-05,0.000358363,0
0.021306818,0.019047619,0.007203837,0.005589995,0.101497082,0.001351548,0.001351548,0.005589995,0
0.014204545,0.00952381,0.004561693,0.003252069,0.028419183,0.000345208,0.000345208,0.003252068,0
0.015625,0.010884354,0.006124828,0.004493215,0.104203671,0.001118776,0.001118776,0.004493215,0
0.019886364,0.013605442,0.017652284,0.014357249,0.231725646,0.006815321,0.006815321,0.014357249,0
0.025568182,0.020408163,0.010457109,0.0106358,0.192618907,0.004311648,0.004311648,0.0106358,0
0.022727273,0.020408163,0.014906918,0.014385587,0.380817052,0.010749678,0.010749678,0.014385587,0
0.051136364,0.044897959,0.047600521,0.05549384,0.657701091,0.068681243,0.068681243,0.055493839,0
0.03125,0.028571429,0.030678879,0.028177112,0.233812369,0.013377899,0.013377899,0.028177112,0
0.022727273,0.020408163,0.019308149,0.023737152,0.289875666,0.013703058,0.013703058,0.023737152,0
0.017045455,0.012244898,0.019006286,0.014023952,0.198934281,0.005818498,0.005818498,0.014023952,0
0.018465909,0.013605442,0.021793105,0.01621608,0.195381883,0.006608372,0.006608372,0.01621608,0
0.055397727,0.05170068,0.054575467,0.052605088,0.477958986,0.048058598,0.048058598,0.052605088,0
0.026988636,0.019047619,0.032224932,0.03739964,0.291605529,0.021629219,0.021629219,0.03739964,0
0.012784091,0.010884354,0.006124828,0.004493215,0.104203671,0.001118776,0.001118776,0.004493215,0
0.008522727,0.006802721,0.01423214,0.014095961,0.184724689,0.005481573,0.005481573,0.014095961,0
0.002840909,0.001360544,0.005108755,0.004688065,0.153463588,0.001602894,0.001602894,0.004688065,0
0.009943182,0.008163265,0.01029319,0.008159444,0.206039076,0.003531617,0.003531617,0.008159444,0
0.009943182,0.008163265,0.003322937,0.002661342,0.078152753,0.000545831,0.000545831,0.002661342,0
0.008522727,0.006802721,0.001042091,0.001560993,0.085257549,0.000358485,0.000358485,0.001560993,0
0.028409091,0.02585034,0.01423214,0.021539878,0.279455299,0.012039214,0.012039214,0.021539878,0
0.005681818,0.004081633,0.001759801,0.001552091,0.047365305,0.000233353,0.000233353,0.001552091,0
0.021306818,0.019047619,0.007203837,0.005589995,0.101497082,0.001351548,0.001351548,0.005589995,0
0.014204545,0.00952381,0.004561693,0.003252069,0.028419183,0.000345208,0.000345208,0.003252068,0
0.015625,0.010884354,0.006124828,0.004493215,0.104203671,0.001118776,0.001118776,0.004493215,0
0.014204545,0.012244898,0.019308149,0.01859487,0.221669627,0.00845446,0.00845446,0.01859487,0
0.032670455,0.029931973,0.028070907,0.03314039,0.255772647,0.017032274,0.017032274,0.03314039,0
0.029829545,0.023129252,0.027638858,0.035614506,0.329662522,0.023055035,0.023055035,0.035614505,0
0.021306818,0.019047619,0.014906918,0.014385587,0.380817052,0.010749678,0.010749678,0.014385587,0
0.045454545,0.039455782,0.033944122,0.038114244,0.537257887,0.038967999,0.038967999,0.038114244,0
0.053977273,0.048979592,0.066234336,0.067960488,0.539964476,0.069617818,0.069617818,0.067960488,0
0.034090909,0.031292517,0.0369585,0.037142586,0.254679601,0.019001329,0.019001329,0.037142586,0
0.022727273,0.020408163,0.023595124,0.030157484,0.29366489,0.017579754,0.017579754,0.030157484,0
0.017045455,0.012244898,0.019006286,0.014023952,0.198934281,0.005818498,0.005818498,0.014023952,0
0.018465909,0.013605442,0.021793105,0.01621608,0.195381883,0.006608372,0.006608372,0.01621608,0
0.055397727,0.05170068,0.054575467,0.052605088,0.477958986,0.048058598,0.048058598,0.052605088,0
0.025568182,0.019047619,0.030678879,0.035128446,0.288067173,0.020099141,0.020099141,0.035128446,0
0.012784091,0.010884354,0.010457109,0.006673631,0.113676732,0.00175601,0.00175601,0.006673631,0
0.029829545,0.023129252,0.036498284,0.035830209,0.298969805,0.021204565,0.021204565,0.035830209,0
0.008522727,0.006802721,0.001042091,0.001560993,0.085257549,0.000358485,0.000358485,0.001560993,0
0.026988636,0.024489796,0.007203837,0.011440156,0.231413347,0.005446024,0.005446024,0.011440156,0
0.005681818,0.004081633,0.000521045,0.000358363,0,1.83E-05,1.83E-05,0.000358363,0
0.021306818,0.019047619,0.007203837,0.005589995,0.101497082,0.001351548,0.001351548,0.005589995,0
0.014204545,0.00952381,0.004561693,0.003252069,0.028419183,0.000345208,0.000345208,0.003252068,0
0.015625,0.010884354,0.006124828,0.004493215,0.104203671,0.001118776,0.001118776,0.004493215,0
0.014204545,0.012244898,0.01423214,0.014095961,0.184724689,0.005481573,0.005481573,0.014095961,0
0.032670455,0.029931973,0.023595124,0.026578937,0.246299586,0.013227153,0.013227153,0.026578937,0
0.029829545,0.023129252,0.027638858,0.035614506,0.329662522,0.023055035,0.023055035,0.035614505,0
0.021306818,0.019047619,0.014906918,0.014385587,0.380817052,0.010749678,0.010749678,0.014385587,0
0.045454545,0.039455782,0.030940806,0.035484735,0.563896419,0.038006803,0.038006803,0.035484735,0
0.053977273,0.048979592,0.061020396,0.062552245,0.54627985,0.064810106,0.064810106,0.062552245,0
0.032670455,0.029931973,0.033787332,0.032607062,0.245115453,0.016131095,0.016131095,0.032607062,0
0.021306818,0.019047619,0.020714096,0.025844114,0.291296625,0.01497396,0.01497396,0.025844114,0
0.017045455,0.012244898,0.019006286,0.014023952,0.198934281,0.005818498,0.005818498,0.014023952,0
0.018465909,0.013605442,0.021793105,0.01621608,0.195381883,0.006608372,0.006608372,0.01621608,0
0.055397727,0.05170068,0.054575467,0.052605088,0.477958986,0.048058598,0.048058598,0.052605088,0
0.025568182,0.019047619,0.023222558,0.025982513,0.287535263,0.014876164,0.014876164,0.025982513,0
0.012784091,0.010884354,0.007203837,0.00468997,0.085257549,0.000997218,0.000997218,0.00468997,0
0.029829545,0.023129252,0.038091387,0.03812372,0.303866648,0.022890469,0.022890469,0.03812372,0
0.008522727,0.006802721,0.001042091,0.001560993,0.085257549,0.000358485,0.000358485,0.001560993,0
0.024147727,0.021768707,0.012938437,0.019512412,0.281608267,0.010994742,0.010994742,0.019512412,0
0.005681818,0.004081633,0.002477512,0.002429907,0.113676732,0.000673145,0.000673145,0.002429906,0
0.021306818,0.019047619,0.007203837,0.005589995,0.101497082,0.001351548,0.001351548,0.005589995,0
0.014204545,0.00952381,0.004561693,0.003252069,0.028419183,0.000345208,0.000345208,0.003252068,0
0.015625,0.010884354,0.006124828,0.004493215,0.104203671,0.001118776,0.001118776,0.004493215,0
0.015625,0.013605442,0.028070907,0.02819216,0.215173814,0.012432681,0.012432681,0.02819216,0
0.032670455,0.029931973,0.030678879,0.037656204,0.324237042,0.023998487,0.023998487,0.037656204,0
0.029829545,0.023129252,0.027638858,0.035614506,0.329662522,0.023055035,0.023055035,0.035614505,0
0.021306818,0.019047619,0.014906918,0.014385587,0.380817052,0.010749678,0.010749678,0.014385587,0
0.048295455,0.042176871,0.035473085,0.041079718,0.539964476,0.042181296,0.042181296,0.041079718,0
0.055397727,0.050340136,0.061423245,0.061091491,0.469300562,0.054821607,0.054821607,0.061091491,0
0.032670455,0.029931973,0.044603224,0.046843706,0.312611012,0.028833361,0.028833361,0.046843706,0
0.021306818,0.019047619,0.027638858,0.036851563,0.369449378,0.026502025,0.026502025,0.036851563,0
0.017045455,0.012244898,0.019006286,0.014023952,0.198934281,0.005818498,0.005818498,0.014023952,0
0.018465909,0.013605442,0.021793105,0.01621608,0.195381883,0.006608372,0.006608372,0.01621608,0
0.055397727,0.05170068,0.054575467,0.052605088,0.477958986,0.048058598,0.048058598,0.052605088,0
0.026988636,0.019047619,0.023222558,0.031350333,0.357747362,0.021907289,0.021907289,0.031350333,0
0.012784091,0.010884354,0.007203837,0.005139983,0.101497082,0.001246562,0.001246562,0.005139982,0
0.024147727,0.020408163,0.024674133,0.021486914,0.236826525,0.01034518,0.01034518,0.021486914,0
0.002840909,0.001360544,0,0,0,0,0,0,0
0.008522727,0.006802721,0.001042091,0.001560993,0.085257549,0.000358485,0.000358485,0.001560993,0
0.024147727,0.021768707,0.015557202,0.020352375,0.233911737,0.009696892,0.009696892,0.020352375,0
0.005681818,0.004081633,0.000521045,0.000358363,0,1.83E-05,1.83E-05,0.000358363,0
0.021306818,0.019047619,0.007203837,0.005589995,0.101497082,0.001351548,0.001351548,0.005589995,0
0.014204545,0.00952381,0.004561693,0.003252069,0.028419183,0.000345208,0.000345208,0.003252068,0
0.015625,0.010884354,0.006124828,0.004493215,0.104203671,0.001118776,0.001118776,0.004493215,0
0.018465909,0.016326531,0.022143549,0.022688891,0.232368614,0.010733986,0.010733986,0.022688891,0
0.032670455,0.029931973,0.032224932,0.038037942,0.308904163,0.023185734,0.023185734,0.038037942,0
0.029829545,0.023129252,0.027638858,0.035614506,0.329662522,0.023055035,0.023055035,0.035614505,0
0.021306818,0.019047619,0.014906918,0.014385587,0.380817052,0.010749678,0.010749678,0.014385587,0
0.051136364,0.044897959,0.04304641,0.05025703,0.601175024,0.057101137,0.057101137,0.05025703,0
0.032670455,0.029931973,0.042955349,0.044465394,0.308691125,0.027062042,0.027062042,0.044465393,0
0.021306818,0.019047619,0.027638858,0.034995977,0.34955595,0.023916783,0.023916783,0.034995977,0
0.017045455,0.012244898,0.019006286,0.014023952,0.198934281,0.005818498,0.005818498,0.014023952,0
0.018465909,0.013605442,0.021793105,0.01621608,0.195381883,0.006608372,0.006608372,0.01621608,0
0.055397727,0.05170068,0.054575467,0.052605088,0.477958986,0.048058598,0.048058598,0.052605088,0
0.025568182,0.017687075,0.040187549,0.049114944,0.305506217,0.029594329,0.029594329,0.049114944,0
0.012784091,0.010884354,0.006124828,0.004493215,0.104203671,0.001118776,0.001118776,0.004493215,0
0.029829545,0.023129252,0.034920219,0.035512589,0.312611012,0.02189413,0.02189413,0.035512589,0
0.002840909,0.001360544,0.002605226,0.001757389,0.028419183,0.000192649,0.000192649,0.001757388,0
0.005681818,0.004081633,0.000521045,0.000358363,0,1.83E-05,1.83E-05,0.000358363,0
0.021306818,0.019047619,0.007203837,0.005589995,0.101497082,0.001351548,0.001351548,0.005589995,0
0.014204545,0.00952381,0.004561693,0.003252069,0.028419183,0.000345208,0.000345208,0.003252068,0
0.015625,0.010884354,0.006124828,0.004493215,0.104203671,0.001118776,0.001118776,0.004493215,0
0.011363636,0.008163265,0.008336724,0.006734961,0.113676732,0.00177166,0.00177166,0.006734961,0
0.035511364,0.02585034,0.02580702,0.035815154,0.45154924,0.031080152,0.031080152,0.035815154,0
0.021306818,0.019047619,0.014906918,0.014385587,0.380817052,0.010749678,0.010749678,0.014385587,0
0.046875,0.040816327,0.030940806,0.03739964,0.596802842,0.042268975,0.042268975,0.03739964,0
0.055397727,0.050340136,0.061020396,0.064743375,0.566804815,0.069467267,0.069467267,0.064743375,0
0.015625,0.013605442,0.024051518,0.020018268,0.136112929,0.005978158,0.005978158,0.020018267,0
0.021306818,0.019047619,0.01395451,0.017286211,0.312611012,0.010732208,0.010732208,0.017286211,0
0.017045455,0.012244898,0.019006286,0.014023952,0.198934281,0.005818498,0.005818498,0.014023952,0
0.018465909,0.013605442,0.021793105,0.01621608,0.195381883,0.006608372,0.006608372,0.01621608,0
0.055397727,0.05170068,0.054575467,0.052605088,0.477958986,0.048058598,0.048058598,0.052605088,0
0.018465909,0.013605442,0.016573275,0.016869879,0.220795191,0.007652873,0.007652873,0.016869878,0
0.012784091,0.010884354,0.006124828,0.004493215,0.104203671,0.001118776,0.001118776,0.004493215,0
0.011363636,0.008163265,0.007065221,0.006940032,0.208407342,0.003048831,0.003048831,0.006940032,0
0.034090909,0.029931973,0.005640702,0.004688065,0.03653895,0.000563927,0.000563927,0.004688065,0
0.014204545,0.00952381,0.009160304,0.007923011,0.239533113,0.003924265,0.003924265,0.007923011,0
0.009943182,0.008163265,0.000521045,0.000358363,0,1.83E-05,1.83E-05,0.000358363,0
0.007102273,0.005442177,0.013771384,0.010666785,0.063396639,0.001788339,0.001788339,0.010666785,0
0.008522727,0.008163265,0.000521045,0.000358363,0,1.83E-05,1.83E-05,0.000358363,0
0.015625,0.014965986,0.009913862,0.010932037,0.002583562,0.000609828,0.000609828,0.010932037,0
0.008522727,0.008163265,0.000521045,0.000976892,0.028419183,0.000112986,0.000112986,0.000976892,0
0.014204545,0.013605442,0.010434908,0.011292555,0.054254804,0.00170186,0.00170186,0.011292555,0
0.014204545,0.013605442,0.010434908,0.011292555,0.054254804,0.00170186,0.00170186,0.011292555,0
0.008522727,0.008163265,0.005640702,0.004688065,0.03653895,0.000563927,0.000563927,0.004688065,0
0.007102273,0.006802721,0.010434908,0.008404375,0.033586307,0.000951488,0.000951488,0.008404375,0
0.015625,0.014965986,0.007491299,0.006040007,0.06749556,0.001071857,0.001071857,0.006040007,0
0.034090909,0.029931973,0.017912204,0.016317296,0.078152753,0.00315926,0.00315926,0.016317296,0
0.009943182,0.00952381,0.005640702,0.00716218,0.060898249,0.001177206,0.001177206,0.00716218,0
0.009943182,0.00952381,0.003545619,0.004852473,0.073889876,0.000926024,0.000926024,0.004852473,0
0.024147727,0.023129252,0.015788546,0.020476461,0.070100651,0.003655384,0.003655384,0.020476461,0
0.024147727,0.023129252,0.018757629,0.026163623,0.184724689,0.010100507,0.010100507,0.026163623,0
0.026988636,0.02585034,0.020793233,0.028879434,0.132622854,0.008413638,0.008413638,0.028879434,0
0.03125,0.032653061,0.026114441,0.032360454,0.166455214,0.011402166,0.011402166,0.032360454,0
0.028409091,0.027210884,0.00426333,0.00286182,0.056838366,0.000464703,0.000464703,0.00286182,0
0.03125,0.029931973,0.026114441,0.030548198,0.155628859,0.010169016,0.010169016,0.030548198,0
0.008522727,0.008163265,0.005640702,0.004688065,0.03653895,0.000563927,0.000563927,0.004688065,0
0.008522727,0.008163265,0.003545619,0.005217661,0.085257549,0.001104939,0.001104939,0.005217661,0
0.029829545,0.028571429,0.004561693,0.016520508,0.236826525,0.007979607,0.007979607,0.016520508,0
0.015625,0.014965986,0.005640702,0.004688065,0.03653895,0.000563927,0.000563927,0.004688065,0
0.017045455,0.016326531,0.005640702,0.004688065,0.03653895,0.000563927,0.000563927,0.004688065,0
0.018465909,0.017687075,0.011998044,0.01295353,0.147263039,0.004155396,0.004155396,0.012953529,0
0.008522727,0.008163265,0.005640702,0.004688065,0.03653895,0.000563927,0.000563927,0.004688065,0
0.008522727,0.008163265,0,0,0,0,0,0,0
0.015625,0.014965986,0.009913862,0.010932037,0.002583562,0.000609828,0.000609828,0.010932037,0
0.004261364,0.004081633,0.001759801,0.001552091,0.047365305,0.000233353,0.000233353,0.001552091,0
0.024147727,0.038095238,0.000521045,0.000358363,0,1.83E-05,1.83E-05,0.000358363,0
0.048295455,0.038095238,0.002605226,0.001757389,0.028419183,0.000192649,0.000192649,0.001757388,0
0.025568182,0.020408163,0.000521045,0.000358363,0,1.83E-05,1.83E-05,0.000358363,0
0.024147727,0.020408163,0.00989313,0.007923011,0.065364121,0.001364862,0.001364862,0.007923011,0
0.018465909,0.019047619,0.003322937,0.002661342,0.078152753,0.000545831,0.000545831,0.002661342,0
0.017045455,0.014965986,0.004561693,0.004422813,0.047365305,0.000624029,0.000624029,0.004422813,0
0.008522727,0.016326531,0.000521045,0.000358363,0,1.83E-05,1.83E-05,0.000358363,0
0.008522727,0.006802721,0,0,0,0,0,0,0
0.083806818,0.07755102,0.024674133,0.018466487,0.192618907,0.007419875,0.007419875,0.018466487,0
0.029829545,0.028571429,0.030282803,0.019961898,0.198934281,0.008242782,0.008242782,0.019961898,0
0.012784091,0.010884354,0.001759801,0.001250048,0.028419183,0.000140866,0.000140866,0.001250048,0
0.041193182,0.042176871,0.038581538,0.031099701,0.362344583,0.021992376,0.021992376,0.031099701,0
0.032670455,0.032653061,0.025535436,0.021751894,0.302580713,0.013070535,0.013070535,0.021751894,0
0.052556818,0.048979592,0.017351682,0.014106968,0.092835998,0.003115079,0.003115079,0.014106968,0
0.032670455,0.028571429,0.008336724,0.005335936,0.085257549,0.001129083,0.001129083,0.005335935,0
0.0625,0.063945578,0.012446322,0.009395996,0.056838366,0.001465093,0.001465093,0.009395996,0
0.025568182,0.023129252,0.007203837,0.00468997,0.085257549,0.000997218,0.000997218,0.00468997,0
0.014204545,0.014965986,0.009277117,0.006960285,0.14920071,0.002289764,0.002289764,0.006960285,0
0.012784091,0.010884354,0.001759801,0.00245822,0.085257549,0.00054164,0.00054164,0.002458219,0
0.008522727,0.00952381,0.000521045,0.000358363,0,1.83E-05,1.83E-05,0.000358363,0
0.039772727,0.03537415,0.006358412,0.004493215,0.056838366,0.000714471,0.000714471,0.004493215,0
0.015625,0.014965986,0,0,0,0,0,0,0
0.029829545,0.028571429,0.000521045,0.000358363,0,1.83E-05,1.83E-05,0.000358363,0
0.036931818,0.03537415,0.000521045,0.000358363,0,1.83E-05,1.83E-05,0.000358363,0
0.046875,0.046258503,0.032359889,0.024128637,0.028419183,0.002476026,0.002476026,0.024128637,0
0.001420455,0.001360544,0.000521045,0.000358363,0,1.83E-05,1.83E-05,0.000358363,0
0.001420455,0.001360544,0.000521045,0.000358363,0,1.83E-05,1.83E-05,0.000358363,0
